"Nombre Completo","Empresa / Agencia","Email","Teléfono / WhatsApp","ID Brevo"
"Adriana Dupuy","Rumbos Turismo","adriana@rumbosturismo.com","","52636"
"Aeropuerto Grupo","Jorge Martínez","aeropuerto@jorgemartinez.com.uy","","53152"
"Agustin Briano","Novo Turismo","agustin@novoturismo.com.uy","","96146"
"Agustín Sosa","HiperViajes","asosa@hiperviajes.com.uy","","103380"
"Alberto Seijas","Traveller Viajes","aseijas@travellerviajes.com.uy","","63048"
"ALDO NIPOLI","Jorge Martínez","anipoli@jorgemartinez.com.uy","099116461","98716"
"Alejandra Magnoni","BN Tours","amagnoni@bntours.com","","57766"
"Alejandra Martinez","Jorge Martínez","amartinez@jorgemartinez.com.uy","","57884"
"Alejandra Palermo","Melitour","alejandra@melitour.com.uy","","55430"
"Alejandro Garcia","Rumbos Turismo","alejandro@rumbosturismo.com","098396844","97325"
"Alejandro Leal","E-Travels","alejandro.leal@e-travels.com.uy","","103379"
"Alejandro Perciavalle","VyT Viajes","alejandro.perciavalle@vyt.com.uy","","55628"
"ALVARO VARZI","Active Travel","alvaro.varzi@activetravel.com.uy","099547163","100300"
"Ana Laura De Leon","C&C Viajes","contaduria@cycviajes.com.uy","","103385"
"Ana Laura Hernandez","Sin Fronteras","ana@sinfronteras.com.uy","","58294"
"Analia","VIP Turismo","ventasvipturismo@gmail.com","","103410"
"Andrea Fischer","Liberty Uruguay","andrea@libertyuruguay.com.uy","095278231","95339"
"Andrea Laurente","DS Viajes","andrea@dsviajes.com.uy","094412183","94359"
"Andrea Melegatti","Del Sur Viajes","amelegatti@delsurviajes.com.uy","","93475"
"Andrea Montano","Jorge Martínez","amontano@jorgemartinez.com.uy","","58078"
"Andres Russi -Roth","Jorge Martínez","arussi@jorgemartinez.com.uy","094469009","94475"
"Andres Silvera","Creditravel","asilvera@creditravel.net","","63084"
"Aram Guergerian","AC Viajes","aram@acviajes.com.uy","","102507"
"Beatriz","Viaja con Bea","beatriz@viajaconbea.com","","103381"
"Beatriz Garcia","Jorge Martínez","bgarcia@jorgemartinez.com.uy","","65130"
"Bernardo Nu","BN Tours","bpnunez@bntours.com","","65690"
"Bettina Bellini","Mercurio Viajes","bettina@mercurioviajes.com.uy","","65026"
"Bruno Cabrera","TocToc Viajes","bruno.cabrera@toctocviajes.com","","103382"
"Bruno Gonz?lez","Jorge Martínez","bgonzalez@jorgemartinez.com.uy","091306910","92479"
"Carina Cobas","Jorge Martínez","ccobas@jorgemartinez.com.uy","","69912"
"Carlos Perez","Agencia de Viajes","carlosperez@gmail.com","098123456","96870"
"Carolina Boucq","Agencia de Viajes","carolina.sommainternacional@gmail.com","","103383"
"Carolina Garcia","Jorge Martínez","cgarcia@jorgemartinez.com.uy","","71084"
"Carolina Gomez","Agencia de Viajes","receptivocolonia@gmail.com","093607066","93668"
"Carolina Gonzalez","Liberty Uruguay","carolina@libertyuruguay.com.uy","","68956"
"Carolina Rizzo","Liberty Uruguay","carolina.rizzo@libertyuruguay.com.uy","","68920"
"Carolina Schultz","VyT Viajes","carolina.schultz@vyt.com.uy","","68932"
"Carolina White","Ibiza Viajes","carolina@ibizaviajes.com","","103384"
"CECILIA MATO","Jorge Martínez","cmato@jorgemartinez.com.uy","091963413","93001"
"Cecilia Regules","Cecilia Regules Viajes","cecilia@ceciliaregules.com","099683608","102448"
"Cecilia Risso","La Mana Viajes","cecilia@lamana.com.uy","099261536","99373"
"Claudio Guzman","Jorge Martínez","cguzman@jorgemartinez.com.uy","","71168"
"Daniel Baruch","Adventour","dani@adventour.com.uy","","73582"
"Daniel Barzabal","Liberty Uruguay","daniel@libertyuruguay.com.uy","","73663"
"Daniel Montes","Active Travel","daniel.montes@activetravel.com.uy","","73636"
"Diego Correa","Melitour","diego.correa@melitour.com.uy","","74742"
"Diego Garcia","Creditravel","dgarcia@creditravel.com.uy","","102434"
"Diego Garcia","Creditravel","dgarcia@creditravel.net","","74553"
"Diego Martinez","Jorge Martínez","dmartinez@jorgemartinez.com.uy","094274942","94178"
"Diego Massia","Liberty Uruguay","diego@libertyuruguay.com.uy","","74798"
"Diego Palacios","Guamatur","diego.palacios@guamatur.com","","102435"
"Dlviajes05","Agencia de Viajes","dlviajes05@gmail.com","","103386"
"Elias Farah","Jorge Martínez","efarah@jorgemartinez.com.uy","","76178"
"Enrique Schneeberger","Agencia de Viajes","enrique.schneeberger@gmail.com","","77210"
"Enrique Varela","Rumbos Turismo","enrique@rumbosturismo.com","094595433","94637"
"Enzo Cusati","Global Tours","enzo.cusati@globaltours.com.uy","","77262"
"Enzo Giliberti","321 Volá","enzo@321vola.com","","102436"
"Esteban Callorda","Estudio Callorda","esteban@estudiocallorda.com","","103387"
"Estefani Costa","Campomar Viajes","estefani@campomar.com.uy","","102508"
"Fabiana Martilotta","Sin Fronteras","fabiana@sinfronteras.com.uy","096646278","96213"
"Fabiana Menendez","Agencia de Viajes","fabiana.menendez.bqb@gmail.com","","78193"
"Fabricio Jourdan","Jorge Martínez","fjourdan@jorgemartinez.com.uy","","79775"
"Facundo Casella","Liberty Uruguay","facundo@libertyuruguay.com.uy","","78419"
"Federico Antelo","Agencia de Viajes","numantelo@hotmail.com","","56203"
"Federico Cousillas","Experience Travel","fcousillas@experience.com.uy","","102509"
"Federico Rivas","Novo Turismo","federico@novoturismo.com.uy","","96147"
"Federico Valverde","Me Vuelo","fede@mevuelo.com","","102510"
"Felix Leon","Traveller Viajes","fleon@travellerviajes.com.uy","","79872"
"Fernanda Pereira","Del Sur Viajes","fpereira@delsurviajes.com.uy","","80466"
"Fernando Martinez","Jorge Martínez","fmartinez@jorgemartinez.com.uy","","80357"
"Fernando Nader","Jorge Martínez","fnader@jorgemartinez.com.uy","","80397"
"Fiorella Rammauro","Sin Fronteras","fiorella@sinfronteras.com.uy","","79701"
"Florencia Fegan","Sin Fronteras","florencia@sinfronteras.com.uy","","80125"
"Gabriel Bonavita","Bonavita Viajes","gabriel.bonavita.gb@gmail.com","","102433"
"Gabriel Dommarco","Jorge Martínez","gdommarco@jorgemartinez.com.uy","099288087","99499"
"Gabriel Lopez","JP Santos","glopez@jpsantos.com.uy","","82664"
"Gabriela Martin","JP Santos","gmartin@jpsantos.com.uy","","82708"
"Gabriela Teti","Creditravel","gteti@creditravel.net","","83609"
"Gabriela Zimerman","VyT Viajes","gabriela.zimerman@vyt.com.uy","","81053"
"Gaston Castro","Proviajes","gaston.castro@proviajes.com.uy","094054746","102500"
"Geraldina Curti","Emege Viajes","geral@emegeviajes.com.uy","","103390"
"Gerardo Mello lopez","La Mana Viajes","damian@lamana.com.uy","098377956","97289"
"Gerardo Rodriguez","Jorge Martínez","grodriguez@jorgemartinez.com.uy","","83498"
"Giovanna Milesi","Ventus Viajes","giovanna@ventusviajes.com","","103392"
"GONZALO BARBOZA","Jorge Martínez","gbarboza@jorgemartinez.com.uy","098899708","98188"
"Gonzalo Ferreira","Agencia de Viajes","geotur.gonzalo@gmail.com","","103388"
"Gonzalo Muniz","Mac Travel","administracion@mactravel.com.uy","091849755","92933"
"Gonzalo Peré","Active Travel","gonzalo.pere@activetravel.com.uy","099613621","100566"
"Gonzalo Smaldone","Agencia de Viajes","gonzalosmaldone@gmail.com","","103393"
"Graciela Suaya","Del Sur Viajes","gsuaya@delsurviajes.com.uy","","83598"
"Guillermo Gomez","Jorge Martínez","ggomez@jorgemartinez.com.uy","","82226"
"Guillermo Talento","Me Vuelo","guillermo.talento@mevuelo.com","","102437"
"GUSTAVO PEREIRA","Active Travel","gustavo.pereira@activetravel.com.uy","099665247","100842"
"Horacio Nabadian","New Travel","viajes@newtravel.com.uy","","103411"
"IGNACIO CURTI","DCOM Travel","ignacio.curti@dcomtravel.com","098584025","97638"
"Ignacio Farina","Jorge Martínez","ifarina@jorgemartinez.com.uy","","84877"
"Javier Casuriaga","C&C Viajes","gerencia@cycviajes.com.uy","","103391"
"Jimena Leone","COIT Viajes","jleone@coit.com.uy","","86910"
"Joaquin Blanco","Traveller Viajes","jblanco@travellerviajes.com.uy","","86260"
"Joel Gonzalez","Azul Viajes","joel@azulviajes.com.uy","098298158","102445"
"Jorge Abella","HC Viajes","jorge.abella@hcviajes.com","","103395"
"Jorgelina Arrigoni","Mercurio Viajes","jorgelina@mercurio.com.uy","","102438"
"Josefina Barofio","Syncro Viajes","josefina@syncroviajes.com","","87610"
"Juan Pablo Guaglianoni","Liberty Uruguay","juanpablo@libertyuruguay.com.uy","099502158","100162"
"Juliana Medero","Personal Operadora","juliana@personaloperadora.com.uy","","88446"
"Jussara Castro","Personal Operadora","jussara@personaloperadora.com.uy","","88651"
"Karen Novoturismo","Novo Turismo","karen@novoturismo.com.uy","","96512"
"Laura Paiz","VyT Viajes","laura.paiz@vyt.com.uy","","89728"
"Laura Ronchetti","Jorge Martínez","lronchetti@jorgemartinez.com.uy","","91714"
"Lautaro Bolatti","La Mana Viajes","lautaro@lamana.com.uy","092816705","93466"
"Leticia Torres","Jorge Martínez","ltorres@jorgemartinez.com.uy","","91749"
"Lorena Lopez","Ventus Viajes","lorena@ventusviajes.com","","103396"
"Lorena Ramos","Oriental Viajes","sanjose@orientalviajes.com.uy","","103406"
"Lorena Tardagula","Mac Travel","ventas3@mactravel.com.uy","098747522","102446"
"Lorenzo Ba?ales","Mac Travel","lorenzo@mactravel.com.uy","","91528"
"Lourdes Miliscovich","JP Santos","lmiliscovich@jpsantos.com.uy","","93608"
"Lourdes Moran","Zafiro Viajes","ventas@zafiroviajes.uy","099287778","99493"
"Lsabatel","Cisplatina Turismo","lsabatel@cisplatinauruguay.com","","103359"
"Luciano Milan","Campomar Viajes","luciano@campomar.com.uy","","91162"
"Luz Guerrero","Mac Travel","operaciones@mactravel.com.uy","","56619"
"Macarena Perez","DCOM Travel","macarena.perez@dcomtravel.com","","86947"
"Magdalena Ferrari","Melitour","magdalena@melitour.com.uy","","85967"
"Mara Hartwig","Emege Viajes","mara@emegeviajes.com.uy","","103397"
"Marcelo Bergalo","Liberty Uruguay","marcelo.bergalo@libertyuruguay.com.uy","","81950"
"Marcelo Bergara","Jorge Martínez","mbergara@jorgemartinez.com.uy","","65852"
"Marcelo Cazet","Liberty Uruguay","marcelo@libertyuruguay.com.uy","","81843"
"Marcelo Peirano","Creditravel","gerencia@creditravel.net","094419501","94369"
"Maria José Pollero","Turismo del Sur","turismodelsur2015@hotmail.com","","103407"
"Maria Lorenzo","Conexión Viajes","maria@conexion-viajes.com","","80004"
"Maria Noel Curbelo","Turispay Viajes","marianoel@turispayviqjes.com","","103398"
"Mariela Zito","JP Santos","mzito@jpsantos.com.uy","","97878"
"Martin Diaz","Martín Díaz Turismo","martin@martindiazturismo.com","099316864","99615"
"Martin Neyra","Martín Neyra Viajes","mneyraviajesyturismo@gmail.com","","103401"
"Mateo Fornaró","Carrasco Viajes","mateo@carrascoviajes.com.uy","","102439"
"Mathias Antonacci","Creditravel","mantonacci@creditravel.net","","83186"
"Mathias Gasañol","BN Tours","mgasanol@bntours.com","","102511"
"Matias Sosa","Traveloz","matias.sosa@traveloz.com.uy","097665300","102444"
"Mauro Lima","Andamos Volando","mlima@andamosvolando.com","","102440"
"Maximiliano Cardozo","Novo Turismo","maximiliano@novoturismo.com.uy","","96624"
"Maximiliano Castillo","La Mana Viajes","maximiliano@lamana.com.uy","098705596","97850"
"Maximiliano Makovsky","Active Travel","maximiliano.makovsky@activetravel.com.uy","094996060","95073"
"Mayra Peirano","E-Travels","mayra.peirano@e-travels.com.uy","","103399"
"Micaela Porley","Solution Viajes","micaela@solutionviajes.uy","","103400"
"Mirel Scotti","HC Viajes","mirel.scotti@hcviajes.com","","54434"
"Monica Reyes","Jorge Martínez","mreyes@jorgemartinez.com.uy","","52123"
"Natalia Doglio","ANDA","natalia.doglio@anda.com.uy","","103402"
"Natalia Ugolini","Consolid Travel","natalia.ugolini@consolidtravel.com.uy","","103403"
"Natalie Fuentes","BN Tours","natalie@bntours.com","","53907"
"Nicolas Arocena","Sin Fronteras","contable@sinfronteras.com.uy","","72592"
"Nicolas Ruiz","Ruiz Viajes","nicoruiz123@gmail.com","099123457","98760"
"Nicolas Vidal","Personal Operadora","nicolas@personaloperadora.com.uy","","55061"
"Noelia Boucq","Somma Internacional","ventas1.sommainternacional@gmail.com","","103408"
"Noelia Fonsalia","BN Tours","noela@bntours.com","095794232","99464"
"Nrumbos","Rumbos Turismo","nrumbos@adinet.com.uy","","103413"
"Nrumbos","Rumbos Turismo","nrumbos@vera.com.uy","","103364"
"Pablo Caballero","Don Agustín Viajes","info@donagustinviajes.com.uy","091339099","102443"
"Pablo Cammarota","Cicerone Uruguay","pablo@ciceroneuruguay.com","091431672","92629"
"Pablo De Azpitarte","VyT Viajes","pablo.deazpitarte@vyt.com.uy","","57007"
"Pablo Mendoza","Azul Viajes","pablo@azulviajes.com.uy","","102512"
"Pablo Rascovich","Liberty Uruguay","pablo@libertyuruguay.com.uy","","57107"
"Pablo Romero","Campomar Viajes","pablo@campomar.com.uy","","57099"
"Pablo Sanchez","Jorge Martínez","psanchez@jorgemartinez.com.uy","","60779"
"Patricia García","ANDA","patricia.garcia@anda.com.uy","","103404"
"Ramiro Bilbao","Me Vuelo","ramiro.bilbao@mevuelo.com","","102441"
"Recepcion Grupo","Jorge Martínez","recepcion@jorgemartinez.com.uy","","61885"
"Ricardo Lawlor","Creditravel","rlawlor@creditravel.net","","62659"
"Rodrigo","VIP Turismo","vipturismouruguay@gmail.com","","103412"
"Rodrigo Gimenez","Horizont Travel","rgimenez@horizonttravel.com.uy","099673900","102447"
"Rodrigo Pinto","Azul Viajes","rodrigo@azulviajes.com.uy","094796941","94842"
"Sabrina Coceres","Turispay Viajes","sabrina@turispayviajes.com","","103405"
"Santiago Sosa","Agencia de Viajes","geotur.santiago@gmail.com","","103389"
"Sebastian Lopez","BN Tours","sebastian@bntours.com","","67187"
"Sergio Ba?ales","Mac Travel","sergio@mactravel.com.uy","","67577"
"Sergio Dimitriadis","Agencia de Viajes","","098317171","102513"
"Silvia Quimpos","Melitour","silvia@melitour.com.uy","","68517"
"Silvina Borges","Creditravel","sborges@creditravel.net","","66729"
"Soledad Gomez","Liberty Uruguay","soledad@libertyuruguay.com.uy","","69855"
"Stella Faggiani","Agencia de Viajes","horizonte.agenciadeviaje@gmail.com","","103394"
"Susana Pazos","Del Sur Viajes","spazos@delsurviajes.com.uy","","70289"
"Tamara Candiota","Traveller Viajes","tcandiota@travellerviajes.com.uy","","71821"
"Valeria Sosa","La Mana Viajes","valeria@lamana.com.uy","096114433","95948"
"Ventaspando","Viaja con Bea","ventaspando@viajaconbea.com","","103409"
"Veronica Castro","Personal Operadora","veronica@personaloperadora.com.uy","","62859"
"Veronique Muracciole","Jorge Martínez","vmuracciole@jorgemartinez.com.uy","099651554","100795"
"Victoria Cardoso","Jorge Martínez","vcardoso@jorgemartinez.com.uy","","64419"
"Victoria Mendez","Destinico","victoriamendez@destinico.com","099843559","101472"
"Virginia Willebald","Rumbos Turismo","virginia@rumbosturismo.com","","58685"
"Vivir Viajando","Vivir Viajando","turismovivirviajando@gmail.com","","102442"
"JP Guaglioni","Liberty","","",""
"Carolina Rizzo","Liberty","","",""
"Acompañante de Carolina Rizzo","Liberty","","",""
"Renatta Almeida","Liberty","","",""
"Acompañante de Renatta Almeida","Liberty","","","" 