Email,Nombre,Apellido,Empresa/Agencia,Telefono,Cargo,Fecha Creacion
"seguros@vd.com.uy","","","Corredor de Seguros","","","2026-06-12T14:18:51.868+02:00"
"ffernandez@seguroshermes.com.uy","","","Corredor de Seguros","","","2026-06-12T14:18:51.868+02:00"
"fczarnievicz@gmail.com","","","Corredor de Seguros","","","2026-06-12T14:18:51.868+02:00"
"esoria@outlook.com","","","Corredor de Seguros","","","2026-06-12T14:18:51.868+02:00"
"contacto@soriaseguros.com","","","Corredor de Seguros","","","2026-06-12T14:18:51.868+02:00"
"gustavo.spinella@sbi.uy","","","Corredor de Seguros","","","2025-07-21T18:09:50.120+02:00"
"veronica.ruidiaz@sbi.uy","","","Corredor de Seguros","","","2025-07-21T18:09:26.434+02:00"
"camila.gonzalez@sbi.uy","","","Corredor de Seguros","","","2025-07-21T18:09:07.323+02:00"
"yamila.barrera@sbi.uy","","","Corredor de Seguros","","","2025-07-21T18:07:51.548+02:00"
"pablo.souberville@sbi.uy","","","Corredor de Seguros","","","2025-07-21T18:07:06.298+02:00"
"podasoc@adinet.com.uy","RAFAEL","","Corredor de Seguros","","","2024-12-12T14:57:25.641+01:00"
"lkeen@adinet.com.uy","LIDIA","","Corredor de Seguros","","","2024-12-12T14:57:25.641+01:00"
"humbertopla@movinet.com.uy","HUMBERTO","","Corredor de Seguros","","","2024-12-12T14:57:25.641+01:00"
"estebanmartinez@casurseguros.com","ESTEBAN","","Corredor de Seguros","","","2024-12-12T14:57:25.641+01:00"
"delia@dvsseguros.com","Delia","","Corredor de Seguros","59899699356","","2024-12-12T14:21:42.364+01:00"
"susana@ruffaliniseguros.com","Susana","","Corredor de Seguros","59899688572","","2024-12-12T14:21:42.363+01:00"
"saavedramariaalejandra@gmail.com","Bernardo","","Corredor de Seguros","59899662329","","2024-12-12T14:21:42.363+01:00"
"gmseguros1@gmail.com","MARCELO","","Corredor de Seguros","59899622255","","2024-12-12T14:21:42.362+01:00"
"jmokosce@edefreitas.com","Joel","","Corredor de Seguros","","","2024-12-12T14:21:42.361+01:00"
"acazarian@edefreitas.com","Andrea","","Corredor de Seguros","59898592816","","2024-12-12T14:21:42.347+01:00"
"alejandra.mainard@mercermarshbeneficios.com","Alejandra","","Corredor de Seguros","59897464885","","2024-12-12T14:21:42.340+01:00"
"jlockhart@futuro.com.uy","Jacky","","Corredor de Seguros","59896416404","","2024-12-12T14:21:42.338+01:00"
"gruposegurosuy@gmail.com","RUBEN","","Corredor de Seguros","59896403333","","2024-12-12T14:21:42.338+01:00"
"franco.cattani@mercermarshbeneficios.com","Franco","","Corredor de Seguros","59896364126","","2024-12-12T14:21:42.338+01:00"
"ignacio.exposito@lockton.com","Ignacio","","Corredor de Seguros","59895322954","","2024-12-12T14:21:37.707+01:00"
"martin@lcseguros.com.uy","Martin","","Corredor de Seguros","59894197201","","2024-12-12T14:21:37.698+01:00"
"ltomasi@edefreitas.com","LETIZIA","","Corredor de Seguros","","","2024-12-12T14:21:37.680+01:00"
"libertador@dupontgarmendia.com","OFICINA LIBERTADOR","","Corredor de Seguros","","","2024-12-12T14:21:37.669+01:00"
"laura@rissoseguros.com.uy","LAURA","","Corredor de Seguros","","","2024-12-12T14:21:37.589+01:00"
"juanraul@montevideo.com.uy","JUAN RAUL","","Corredor de Seguros","","","2024-12-12T14:21:37.573+01:00"
"macarena@pfseguros.com.uy","MACARENA","","Corredor de Seguros","","","2024-12-12T14:21:37.565+01:00"
"jgfurtadoseguros@gmail.com","JORGE","","Corredor de Seguros","","","2024-12-12T14:21:37.564+01:00"
"jdiego@ampseg.com.uy","JUAN DIEGO","","Corredor de Seguros","","","2024-12-12T14:21:37.563+01:00"
"ivanapronzolino@ipseguros.com.uy","IVANA","","Corredor de Seguros","","","2024-12-12T14:21:37.560+01:00"
"info@masiniseguros.com","MASINI SEGUROS","","Corredor de Seguros","","","2024-12-12T14:21:37.559+01:00"
"info@centraldeseguros.com.uy","CATY","","Corredor de Seguros","","","2024-12-12T14:21:37.559+01:00"
"ines.barrabino@aon.com","INES","","Corredor de Seguros","","","2024-12-12T14:21:37.558+01:00"
"ignacio.plaz@heyseguros.com","IGNACIO","","Corredor de Seguros","","","2024-12-12T14:21:37.557+01:00"
"gonzalo@masiniseguros.com","GONZALO","","Corredor de Seguros","","","2024-12-12T14:21:37.549+01:00"
"ghazarian.seguros@gmail.com","CARLOS","","Corredor de Seguros","","","2024-12-12T14:21:37.546+01:00"
"garciacorbo@gmail.com","SUSANA","","Corredor de Seguros","","","2024-12-12T14:21:37.543+01:00"
"g.zipitria.romero@gmail.com","gaston sipitria","","Corredor de Seguros","","","2024-12-12T14:21:32.556+01:00"
"florencia.mujica@lockton.com","FLORENCIA","","Corredor de Seguros","","","2024-12-12T14:21:32.553+01:00"
"flopez@segurosmk.com","FEDERICO","","Corredor de Seguros","","","2024-12-12T14:21:32.552+01:00"
"ferlas@adinet.com.uy","FL SEGUROS","","Corredor de Seguros","","","2024-12-12T14:21:32.549+01:00"
"felipezseguros@gmail.com","MARTIN","","Corredor de Seguros","","","2024-12-12T14:21:32.549+01:00"
"felipe.dehaedo@lockton.com","FELIPE","","Corredor de Seguros","","","2024-12-12T14:21:32.549+01:00"
"fberve@gmail.com","FERNANDO","","Corredor de Seguros","","","2024-12-12T14:21:32.547+01:00"
"enrique@podestaseguros.com","ENRIQUE","","Corredor de Seguros","","","2024-12-12T14:21:32.540+01:00"
"emilia.diaz@aon.com","EMILIA","","Corredor de Seguros","","","2024-12-12T14:21:32.540+01:00"
"elc@futuro.com.uy","ENRIQUE","","Corredor de Seguros","","","2024-12-12T14:21:32.537+01:00"
"ehugo@edefreitas.com","ERICA","","Corredor de Seguros","","","2024-12-12T14:21:32.537+01:00"
"diaz.seguros@gmail.com","REYNALDO","","Corredor de Seguros","","","2024-12-12T14:21:32.530+01:00"
"ddupont@dupontygarmendia.com","DANIEL","","Corredor de Seguros","","","2024-12-12T14:21:32.528+01:00"
"martin@ruffaliniseguros.com","MARTIN","","Corredor de Seguros","","","2024-12-12T14:21:32.525+01:00"
"cristinaferres@gmail.com","CRISTINA","","Corredor de Seguros","","","2024-12-12T14:21:32.523+01:00"
"crism@montevideo.com.uy","MARIA CRISTINA","","Corredor de Seguros","","","2024-12-12T14:21:32.523+01:00"
"corredores@centroseguros.com.uy","ALEJANDRO","","Corredor de Seguros","","","2024-12-12T14:21:32.522+01:00"
"correa@csasociados.com.uy","RAFAEL","","Corredor de Seguros","","","2024-12-12T14:21:32.522+01:00"
"contacto@lcseguros.com.uy","LC SEGUROS","","Corredor de Seguros","","","2024-12-12T14:21:32.522+01:00"
"cleman@vera.com.uy","CLEMAN SEGUROS","","Corredor de Seguros","","","2024-12-12T14:21:32.521+01:00"
"claudia@lcseguros.com.uy","CLAUDIA","","Corredor de Seguros","","","2024-12-12T14:21:32.519+01:00"
"susan@lucas-calcraft.com.uy","Susan","","Corredor de Seguros","","","2024-12-12T14:21:32.515+01:00"
"matias@edefreitas.com","MATIAS","","Corredor de Seguros","","","2024-12-12T14:21:32.513+01:00"
"ceciliabentancor@hotmail.com","CECILIA","","Corredor de Seguros","","","2024-12-12T14:21:32.512+01:00"
"uruguayseguros@gmail.com","EDUARDO","","Corredor de Seguros","","","2024-12-12T14:21:32.510+01:00"
"uy31596@adinet.com.uy","CESAR","","Corredor de Seguros","","","2024-12-12T14:21:32.509+01:00"
"seguros@lucas-calcraft.com.uy","LUCAS CALCRAFT","","Corredor de Seguros","","","2024-12-12T14:21:32.500+01:00"
"scaroneseguros@gmail.com","LORENA","","Corredor de Seguros","","","2024-12-12T14:21:32.498+01:00"
"sbrandam@brandamlaurino.com","SILVINA","","Corredor de Seguros","","","2024-12-12T14:21:32.497+01:00"
"bvsanden@hotmail.com","BERND","","Corredor de Seguros","","","2024-12-12T14:21:32.496+01:00"
"santiago.martoy@asegurar.com.uy","SANTIAGO","","Corredor de Seguros","","","2024-12-12T14:21:32.495+01:00"
"berroseguros@adinet.com.uy","VIRGINIA","","Corredor de Seguros","","","2024-12-12T14:21:27.144+01:00"
"rpena@futuro.com.uy","RUBEN","","Corredor de Seguros","","","2024-12-12T14:21:27.144+01:00"
"mcruces03@gmail.com","MARIA EUGENIA","","Corredor de Seguros","","","2024-12-12T14:21:27.143+01:00"
"vdupont@dupontgarmendia.com","VERONICA","","Corredor de Seguros","","","2024-12-12T14:21:27.142+01:00"
"roque@edefreitas.com","ROQUE","","Corredor de Seguros","","","2024-12-12T14:21:27.142+01:00"
"atlantidaseguros@gmail.com","MARIA","","Corredor de Seguros","","","2024-12-12T14:21:27.137+01:00"
"asorribas@brandamlaurino.com","ALEJANDRA","","Corredor de Seguros","","","2024-12-12T14:21:27.137+01:00"
"robmacha@vera.com.uy","ROBERTO","","Corredor de Seguros","","","2024-12-12T14:21:27.136+01:00"
"ricardo@hausmannbroker.com","RICARDO","","Corredor de Seguros","","","2024-12-12T14:21:27.132+01:00"
"raul.narancio@narancio.com","RAUL","","Corredor de Seguros","","","2024-12-12T14:21:27.127+01:00"
"rafael@uriosteseguros.com.uy","RAFAEL","","Corredor de Seguros","","","2024-12-12T14:21:27.125+01:00"
"anikb2011@hotmail.com","ANIK","","Corredor de Seguros","","","2024-12-12T14:21:27.125+01:00"
"poloydina@gmail.com","DINA Y CLEMAN","","Corredor de Seguros","","","2024-12-12T14:21:27.119+01:00"
"plaurino@brandamlaurino.com","PABLO","","Corredor de Seguros","","","2024-12-12T14:21:27.118+01:00"
"pialabat@labatseguros.com.uy","PIA","","Corredor de Seguros","","","2024-12-12T14:21:27.116+01:00"
"patricia@labatseguros.com.uy","PATRICIA","","Corredor de Seguros","","","2024-12-12T14:21:27.106+01:00"
"panettaseguros@gmail.com","","","Corredor de Seguros","","","2024-12-12T14:21:27.101+01:00"
"alina.ramos@lockton.com","ALINA","","Corredor de Seguros","","","2024-12-12T14:21:27.097+01:00"
"osvaldo@segurosbarros.com.uy","OSVALDO","","Corredor de Seguros","","","2024-12-12T14:21:27.096+01:00"
"michelenaseguros@gmail.com","MICHELENA","","Corredor de Seguros","","","2024-12-12T14:21:27.096+01:00"
"alicia@pfseguros.com.uy","ALICIA","","Corredor de Seguros","","","2024-12-12T14:21:27.095+01:00"
"noellabat@labatseguros.com.uy","NOEL","","Corredor de Seguros","","","2024-12-12T14:21:27.091+01:00"
"alejandro@lucas-calcraft.com.uy","ALEJANDRO","","Corredor de Seguros","","","2024-12-12T14:21:27.090+01:00"
"alejandra@saavedraseguros.com.uy","Aalejandra","","Corredor de Seguros","","","2024-12-12T14:21:27.089+01:00"
"alberto.puig@ngs.com.uy","ALBERTO","","Corredor de Seguros","","","2024-12-12T14:21:27.086+01:00"
"aiksa@rasseguros.com","AIKSA","","Corredor de Seguros","","","2024-12-12T14:21:27.084+01:00"
"natasha.tarrech@aon.com","NATASHA","","Corredor de Seguros","","","2024-12-12T14:21:27.082+01:00"
"mjgnazzo@centroseguros.com.uy","MARIA JOSE","","Corredor de Seguros","","","2024-12-12T14:21:27.079+01:00"
"acarracedo@brandamlaurino.com","ALBERTO","","Corredor de Seguros","","","2024-12-12T14:21:27.072+01:00"
"abravo28@gmail.com","ALVARO","","Corredor de Seguros","","","2024-12-12T14:21:27.071+01:00"
"monce@adinet.com.uy","","","Corredor de Seguros","","","2024-12-12T14:21:27.068+01:00"