#,Email,Nombre,Apellido,Empresa
1,"seguros@vd.com.uy","","","Corredor de Seguros"
2,"ffernandez@seguroshermes.com.uy","","","Corredor de Seguros"
3,"fczarnievicz@gmail.com","","","Corredor de Seguros"
4,"esoria@outlook.com","","","Corredor de Seguros"
5,"contacto@soriaseguros.com","","","Corredor de Seguros"
6,"veronica.ruidiaz@sbi.uy","","","Corredor de Seguros"
7,"camila.gonzalez@sbi.uy","","","Corredor de Seguros"
8,"pablo.souberville@sbi.uy","","","Corredor de Seguros"
9,"podasoc@adinet.com.uy","RAFAEL","","Corredor de Seguros"
10,"lkeen@adinet.com.uy","LIDIA","","Corredor de Seguros"
11,"humbertopla@movinet.com.uy","HUMBERTO","","Corredor de Seguros"
12,"estebanmartinez@casurseguros.com","ESTEBAN","","Corredor de Seguros"
13,"susana@ruffaliniseguros.com","Susana","","Corredor de Seguros"
14,"saavedramariaalejandra@gmail.com","Bernardo","","Corredor de Seguros"
15,"gmseguros1@gmail.com","MARCELO","","Corredor de Seguros"
16,"acazarian@edefreitas.com","Andrea","","Corredor de Seguros"
17,"alejandra.mainard@mercermarshbeneficios.com","Alejandra","","Corredor de Seguros"
18,"jlockhart@futuro.com.uy","Jacky","","Corredor de Seguros"
19,"gruposegurosuy@gmail.com","RUBEN","","Corredor de Seguros"
20,"franco.cattani@mercermarshbeneficios.com","Franco","","Corredor de Seguros"
21,"ignacio.exposito@lockton.com","Ignacio","","Corredor de Seguros"
22,"martin@lcseguros.com.uy","Martin","","Corredor de Seguros"
23,"ltomasi@edefreitas.com","LETIZIA","","Corredor de Seguros"
24,"libertador@dupontgarmendia.com","OFICINA LIBERTADOR","","Corredor de Seguros"
25,"juanraul@montevideo.com.uy","JUAN RAUL","","Corredor de Seguros"
26,"macarena@pfseguros.com.uy","MACARENA","","Corredor de Seguros"
27,"jgfurtadoseguros@gmail.com","JORGE","","Corredor de Seguros"
28,"jdiego@ampseg.com.uy","JUAN DIEGO","","Corredor de Seguros"
29,"ivanapronzolino@ipseguros.com.uy","IVANA","","Corredor de Seguros"
30,"info@centraldeseguros.com.uy","CATY","","Corredor de Seguros"
31,"ignacio.plaz@heyseguros.com","IGNACIO","","Corredor de Seguros"
32,"gonzalo@masiniseguros.com","GONZALO","","Corredor de Seguros"
33,"ghazarian.seguros@gmail.com","CARLOS","","Corredor de Seguros"
34,"g.zipitria.romero@gmail.com","gaston sipitria","","Corredor de Seguros"
35,"florencia.mujica@lockton.com","FLORENCIA","","Corredor de Seguros"
36,"flopez@segurosmk.com","FEDERICO","","Corredor de Seguros"
37,"ferlas@adinet.com.uy","FL SEGUROS","","Corredor de Seguros"
38,"felipezseguros@gmail.com","MARTIN","","Corredor de Seguros"
39,"felipe.dehaedo@lockton.com","FELIPE","","Corredor de Seguros"
40,"enrique@podestaseguros.com","ENRIQUE","","Corredor de Seguros"
41,"emilia.diaz@aon.com","EMILIA","","Corredor de Seguros"
42,"elc@futuro.com.uy","ENRIQUE","","Corredor de Seguros"
43,"ehugo@edefreitas.com","ERICA","","Corredor de Seguros"
44,"diaz.seguros@gmail.com","REYNALDO","","Corredor de Seguros"
45,"ddupont@dupontygarmendia.com","DANIEL","","Corredor de Seguros"
46,"martin@ruffaliniseguros.com","MARTIN","","Corredor de Seguros"
47,"cristinaferres@gmail.com","CRISTINA","","Corredor de Seguros"
48,"crism@montevideo.com.uy","MARIA CRISTINA","","Corredor de Seguros"
49,"corredores@centroseguros.com.uy","ALEJANDRO","","Corredor de Seguros"
50,"correa@csasociados.com.uy","RAFAEL","","Corredor de Seguros"
51,"contacto@lcseguros.com.uy","LC SEGUROS","","Corredor de Seguros"
52,"cleman@vera.com.uy","CLEMAN SEGUROS","","Corredor de Seguros"
53,"claudia@lcseguros.com.uy","CLAUDIA","","Corredor de Seguros"
54,"susan@lucas-calcraft.com.uy","Susan","","Corredor de Seguros"
55,"matias@edefreitas.com","MATIAS","","Corredor de Seguros"
56,"ceciliabentancor@hotmail.com","CECILIA","","Corredor de Seguros"
57,"uruguayseguros@gmail.com","EDUARDO","","Corredor de Seguros"
58,"uy31596@adinet.com.uy","CESAR","","Corredor de Seguros"
59,"seguros@lucas-calcraft.com.uy","LUCAS CALCRAFT","","Corredor de Seguros"
60,"scaroneseguros@gmail.com","LORENA","","Corredor de Seguros"
61,"sbrandam@brandamlaurino.com","SILVINA","","Corredor de Seguros"
62,"bvsanden@hotmail.com","BERND","","Corredor de Seguros"
63,"santiago.martoy@asegurar.com.uy","SANTIAGO","","Corredor de Seguros"
64,"berroseguros@adinet.com.uy","VIRGINIA","","Corredor de Seguros"
65,"rpena@futuro.com.uy","RUBEN","","Corredor de Seguros"
66,"mcruces03@gmail.com","MARIA EUGENIA","","Corredor de Seguros"
67,"vdupont@dupontgarmendia.com","VERONICA","","Corredor de Seguros"
68,"roque@edefreitas.com","ROQUE","","Corredor de Seguros"
69,"atlantidaseguros@gmail.com","MARIA","","Corredor de Seguros"
70,"asorribas@brandamlaurino.com","ALEJANDRA","","Corredor de Seguros"
71,"robmacha@vera.com.uy","ROBERTO","","Corredor de Seguros"
72,"raul.narancio@narancio.com","RAUL","","Corredor de Seguros"
73,"rafael@uriosteseguros.com.uy","RAFAEL","","Corredor de Seguros"
74,"anikb2011@hotmail.com","ANIK","","Corredor de Seguros"
75,"poloydina@gmail.com","DINA Y CLEMAN","","Corredor de Seguros"
76,"plaurino@brandamlaurino.com","PABLO","","Corredor de Seguros"
77,"pialabat@labatseguros.com.uy","PIA","","Corredor de Seguros"
78,"patricia@labatseguros.com.uy","PATRICIA","","Corredor de Seguros"
79,"panettaseguros@gmail.com","","","Corredor de Seguros"
80,"alina.ramos@lockton.com","ALINA","","Corredor de Seguros"
81,"osvaldo@segurosbarros.com.uy","OSVALDO","","Corredor de Seguros"
82,"michelenaseguros@gmail.com","MICHELENA","","Corredor de Seguros"
83,"alicia@pfseguros.com.uy","ALICIA","","Corredor de Seguros"
84,"noellabat@labatseguros.com.uy","NOEL","","Corredor de Seguros"
85,"alejandro@lucas-calcraft.com.uy","ALEJANDRO","","Corredor de Seguros"
86,"alberto.puig@ngs.com.uy","ALBERTO","","Corredor de Seguros"
87,"aiksa@rasseguros.com","AIKSA","","Corredor de Seguros"
88,"natasha.tarrech@aon.com","NATASHA","","Corredor de Seguros"
89,"mjgnazzo@centroseguros.com.uy","MARIA JOSE","","Corredor de Seguros"
90,"acarracedo@brandamlaurino.com","ALBERTO","","Corredor de Seguros"
91,"abravo28@gmail.com","ALVARO","","Corredor de Seguros"
92,"monce@adinet.com.uy","","","Corredor de Seguros"