N°,Código Invitación,Titular / Invitado,Butacas Asignadas,Acompañante(s),Agencia / Empresa,Referente UA,Email,Teléfono,Estado,Fecha de Registro,Link Pase Digital
1,UA-004,Marianna Tomasi,2,Emilia Durañona,OFICINA,AM/MT,mtomasi@ua.com.uy,,Confirmado,8/11/2026 17:21:01,https://ua-eventos-uy.web.app/coyote-vs-acme?i=UA-004
2,UA-DF9F77B2,Laura Caprio,2,Acompañante Confirmado,SEMM,AM/MT,laura.caprio@semm.com.uy,,Confirmado,Pre-asignado,https://ua-eventos-uy.web.app/coyote-vs-acme?i=UA-DF9F77B2
3,UA-9CF6443E,Extra Vendedor,2,Javier D'elia,SEMM,AM/MT,laura.caprio@semm.com.uy,,Confirmado,8/26/2026 10:30:44,https://ua-eventos-uy.web.app/coyote-vs-acme?i=UA-9CF6443E
4,UA-98B43977,Darío Czeszler,2,Paula Czeszler,SEMM,AM/MT,karina.macadar@semm.com.uy,,Confirmado,8/26/2026 14:15:28,https://ua-eventos-uy.web.app/coyote-vs-acme?i=UA-98B43977
5,UA-DDC44D12,Angela Hoffman,2,Acompañante Confirmado,ASOC ESPAÑOLA,AM/MT,ahoffmann@asesp.com.uy,,Confirmado,Pre-asignado,https://ua-eventos-uy.web.app/coyote-vs-acme?i=UA-DDC44D12
6,UA-D88A84A6,Sandra Perroni,1,Sin acompañante,ASOC ESPAÑOLA,AM/MT,sperroni@asesp.com.uy,,Confirmado,8/18/2026 20:22:42,https://ua-eventos-uy.web.app/coyote-vs-acme?i=UA-D88A84A6
7,UA-8F23F9C7,Nadia NuñEz,2,Agustín Maubrigades,CASMU,AM/MT,ca72787@casmu.com,,Confirmado,Pre-asignado,https://ua-eventos-uy.web.app/coyote-vs-acme?i=UA-8F23F9C7
8,UA-0C8E2AA8,Mariana Firpo,2,Federico Carabajal,SUMMUM,AM/MT,mfirpo@summum.com.uy,,Confirmado,8/11/2026 10:37:11,https://ua-eventos-uy.web.app/coyote-vs-acme?i=UA-0C8E2AA8
9,UA-1A61CF1F,Elisa Costa,2,2 Acompañantes,COSEM,AM/MT,elisa.costa@cosem.com.uy,,Confirmado,8/23/2026 14:31:30,https://ua-eventos-uy.web.app/coyote-vs-acme?i=UA-1A61CF1F
10,UA-6C4127A7,Virginia Pica,2,Agustina Rossi,ITAU,AM/MT,vpica@itau.com.uy,,Confirmado,8/11/2026 16:00:36,https://ua-eventos-uy.web.app/coyote-vs-acme?i=UA-6C4127A7
11,UA-DF9DAD65,Pablo Perez,2,Acompañante Confirmado,ITAU,AM/MT,pablo.perez@itau.com.uy,,Confirmado,Pre-asignado,https://ua-eventos-uy.web.app/coyote-vs-acme?i=UA-DF9DAD65
12,UA-9D6A8016,Fernanda Fontes,2,Nicolas Rippe,SAPP,AM/MT,jefecomercial@sapp.com.uy,,Confirmado,8/22/2026 18:58:18,https://ua-eventos-uy.web.app/coyote-vs-acme?i=UA-9D6A8016
13,UA-A73CA7A0,Ana Camiou,3,Maria Paz Lago | Agustin Lago,Universal Assistance,FUNCIONARIO,acamiou@ua.com.uy,,Confirmado,8/20/2026 10:20:28,https://ua-eventos-uy.web.app/coyote-vs-acme?i=UA-A73CA7A0
14,UA-CC8EB366,Ana Laura Britos,2,LUCAS AGUIAR,Universal Assistance,FUNCIONARIO,abritos@ua.com.uy,,Confirmado,8/14/2026 10:51:51,https://ua-eventos-uy.web.app/coyote-vs-acme?i=UA-CC8EB366
15,UA-001D7FF5,Silvana Sagario,2,Andrea Pérez,BIG CHESSE,MT,,,Confirmado,8/26/2026 8:28:18,https://ua-eventos-uy.web.app/coyote-vs-acme?i=UA-001D7FF5
16,UA-05F95A3A,Cecilia Mendez,2,Pablo Gianoni,Universal Assistance,FUNCIONARIO,ceciliam@ua.com.uy,,Confirmado,8/11/2026 9:36:12,https://ua-eventos-uy.web.app/coyote-vs-acme?i=UA-05F95A3A
17,UA-F2364BFD,Jimena Quintana,2,Evelin Molina,Universal Assistance,FUNCIONARIO,jquintana@ua.com.uy,,Confirmado,Pre-asignado,https://ua-eventos-uy.web.app/coyote-vs-acme?i=UA-F2364BFD
18,UA-CECA30E6,Sebastian Perona,2,Patricio Larrobla Perona,COLEGIO,CM,speronagonzalez@gmail.com,,Confirmado,8/14/2026 10:52:18,https://ua-eventos-uy.web.app/coyote-vs-acme?i=UA-CECA30E6
19,UA-C2726D57,Valentina Mendez,1,Sin acompañante,Universal Assistance,FUNCIONARIO,vmendez@ua.com.uy,,Confirmado,8/20/2026 16:23:00,https://ua-eventos-uy.web.app/coyote-vs-acme?i=UA-C2726D57
20,UA-1D94AFD0,Sofia Ramirez,2,THIAGO TINOCO,Universal Assistance,FUNCIONARIO,emisiones@ua.com.uy,,Confirmado,8/11/2026 10:10:01,https://ua-eventos-uy.web.app/coyote-vs-acme?i=UA-1D94AFD0
21,UA-CAE070ED,Yhonson Choca,2,Faustino Choca,Universal Assistance,FUNCIONARIO,contable@ua.com.uy,,Confirmado,8/13/2026 13:27:15,https://ua-eventos-uy.web.app/coyote-vs-acme?i=UA-CAE070ED
22,UA-23DC8C37,Pablo Ananikian,3,Lorenzo Ananikian | Vicente Ananikian,SUNLIVE,AB,pananikian@sunlive.com.uy,,Confirmado,8/12/2026 11:07:28,https://ua-eventos-uy.web.app/coyote-vs-acme?i=UA-23DC8C37
23,UA-C898D8F9,Alejandro Mendez,1,Sin acompañante,Universal Assistance,FUNCIONARIO,alejandrom@ua.com.uy,,Confirmado,8/11/2026 11:46:11,https://ua-eventos-uy.web.app/coyote-vs-acme?i=UA-C898D8F9
24,UA-C6704E59,Paula Aramendia,1,Sin acompañante,Universal Assistance,FUNCIONARIO,paulaa@ua.com.uy,,Confirmado,8/11/2026 16:37:52,https://ua-eventos-uy.web.app/coyote-vs-acme?i=UA-C6704E59
25,UA-25045D75,Diego Correa,2,Alejandra Palermo,MELITOUR,AB,diego.correa@melitour.com.uy,,Confirmado,8/19/2026 10:24:36,https://ua-eventos-uy.web.app/coyote-vs-acme?i=UA-25045D75
26,UA-1AACF6C2,Veronica Sanchiz,2,Alejandro Alzúa,PWC,MT,,,Confirmado,8/13/2026 10:57:52,https://ua-eventos-uy.web.app/coyote-vs-acme?i=UA-1AACF6C2
27,UA-B22FADDC,Ricardo Hausman,2,Lil Carballo,RICARDO HAUSMAN,MT,,,Confirmado,8/21/2026 12:22:39,https://ua-eventos-uy.web.app/coyote-vs-acme?i=UA-B22FADDC
28,UA-148857CD,Grisel Olivera,2,VANESA FURTADO,SENDAS,AC,,,Confirmado,8/14/2026 10:54:47,https://ua-eventos-uy.web.app/coyote-vs-acme?i=UA-148857CD
29,UA-98620481,Rodrigo Pinto,3,FELIPE PINTO | CARINA RIVOIRA,AZUL VIAJES,AB,,,Confirmado,8/19/2026 10:33:44,https://ua-eventos-uy.web.app/coyote-vs-acme?i=UA-98620481
30,UA-A20A3578,Nacho,2,Orianna Ferrazzi,VIAJEROS SIN FRONTERAS,AB,ignacio@sinfronteras.com.uy,,Confirmado,8/26/2026 23:53:35,https://ua-eventos-uy.web.app/coyote-vs-acme?i=UA-A20A3578
31,UA-D5047B58,Susana Pasos,2,Emanuel,CIA DEL SUR,AB,SPazos@delsurviajes.com.uy,,Confirmado,8/17/2026 11:05:49,https://ua-eventos-uy.web.app/coyote-vs-acme?i=UA-D5047B58
32,UA-20642072,Andrea Melegati,2,Luis Delfino,CIA DEL SUR,AB,AMelegatti@delsurviajes.com.uy,,Confirmado,8/19/2026 10:39:45,https://ua-eventos-uy.web.app/coyote-vs-acme?i=UA-20642072
33,UA-CE0A1B71,Margaret Bittencourt,1,Sin acompañante,DLC SEGUROS,AC,renovaciones.dlc@gmail.com,,Confirmado,8/18/2026 20:12:59,https://ua-eventos-uy.web.app/coyote-vs-acme?i=UA-CE0A1B71
34,UA-E1398250,Enzo Figueira,3,Acompañante Confirmado,ENZO FIGUEIRA,AC,tikinga@gmail.com,,Confirmado,Pre-asignado,https://ua-eventos-uy.web.app/coyote-vs-acme?i=UA-E1398250
35,UA-B387F788,Valentina Irigaray,2,Benjamín Nocella,SIUR,PA,valirig@hotmail.com,,Confirmado,8/11/2026 12:47:20,https://ua-eventos-uy.web.app/coyote-vs-acme?i=UA-B387F788
36,UA-D4AB1964,Cecilia,3,FRANCO RADÛNZ | LUCIANA RADÛNZ,TU VIAJE,AB,ccabana@tuviaje.uy,,Confirmado,8/19/2026 10:25:52,https://ua-eventos-uy.web.app/coyote-vs-acme?i=UA-D4AB1964
37,UA-D29D1CDD,Pablo Rasocvich,2,Alfonsina Rascovich,LIBERTY,AB,pablo@libertyuruguay.com.uy,,Confirmado,8/25/2026 20:44:02,https://ua-eventos-uy.web.app/coyote-vs-acme?i=UA-D29D1CDD
38,UA-E2D839E8,Josefina Delgado,2,PIA CAJAL,GUAMATUR,AB,,,Confirmado,8/14/2026 13:35:36,https://ua-eventos-uy.web.app/coyote-vs-acme?i=UA-E2D839E8
39,UA-CDDA4E11,Patricia Correa,6,Tiziano Pascale,SUNLIVE,AB,,,Confirmado,8/13/2026 13:17:18,https://ua-eventos-uy.web.app/coyote-vs-acme?i=UA-CDDA4E11
40,UA-96126526,Daniel Pons,3,Alexandra Ramilo / Juan Manuel Trinidad,Pons,UA,,,Confirmado,Pre-asignado,https://ua-eventos-uy.web.app/coyote-vs-acme?i=UA-96126526
41,UA-0FB47E1B,Ignacio Vidal,2,Mariana Aguirre,Traveloz / Destinico,Ana Laura Britos,,,Confirmado,8/21/2026 13:31:37,https://ua-eventos-uy.web.app/coyote-vs-acme?i=UA-0FB47E1B
42,UA-96126527,Tiffany Herrera,2,Kevin Nallem,PROVIAJES,AB,,,Confirmado,8/21/2026 13:32:01,https://ua-eventos-uy.web.app/coyote-vs-acme?i=UA-96126527
43,UA-D2D0AE66,Ivanna,2,Acompañante Confirmado,MERCURIO VIAJES,AB,ivanna@mercurioviajes.com.uy,,Confirmado,Pre-asignado,https://ua-eventos-uy.web.app/coyote-vs-acme?i=UA-D2D0AE66
44,UA-96126469,Tatiana,2,Acompañante Confirmado,MERCURIO VIAJES,AB,tatiana@mercurioviajes.com.uy,,Confirmado,Pre-asignado,https://ua-eventos-uy.web.app/coyote-vs-acme?i=UA-96126469
45,UA-BA5D8F1D,Victoria Méndez Aramendía,2,Acompañante Confirmado,MANUAL,UA,vmendezaramendia@gmail.com,,Confirmado,Pre-asignado,https://ua-eventos-uy.web.app/coyote-vs-acme?i=UA-BA5D8F1D
46,UA-805814BB,Sandra Yuane,3,Gianni Carsillo | Gustavo Carsillo,Alejandro Méndez,Alejandro Méndez,,,Confirmado,8/19/2026 11:20:13,https://ua-eventos-uy.web.app/coyote-vs-acme?i=UA-805814BB
47,UA-98620601,Carmen Galan,2,María Belén Pranka,Melitour,Ana Laura Britos,carmen@melitour.com.uy,,Confirmado,8/19/2026 11:43:04,https://ua-eventos-uy.web.app/coyote-vs-acme?i=UA-98620601
48,UA-B9D60563,Pase CAMBADU (Titular),2,Mónica Prentice,CAMBADU,UA,,,Confirmado,Pre-asignado,https://ua-eventos-uy.web.app/coyote-vs-acme?i=UA-B9D60563
49,UA-F104E515,Florencia Flores,2,Gonzalo Alfaro,MANUAL,,flores.pereira15@gmail.com,,Confirmado,Pre-asignado,https://ua-eventos-uy.web.app/coyote-vs-acme?i=UA-F104E515
50,UA-EF243E65,Maximiliano Cobas,2,Juan Manuel Cobas,CASMU,AM/MT,,,Confirmado,Pre-asignado,https://ua-eventos-uy.web.app/coyote-vs-acme?i=UA-EF243E65
51,UA-FF989B31,Stephanie Olivera,2,Acompañante,CASMU,AM/MT,,,Confirmado,Pre-asignado,https://ua-eventos-uy.web.app/coyote-vs-acme?i=UA-FF989B31
52,UA-67244620,Anahir Aguilar,2,Horacio Botta,CASMU,AM/MT,paraanacom@hotmail.com,,Confirmado,8/17/2026 11:57:53,https://ua-eventos-uy.web.app/coyote-vs-acme?i=UA-67244620
53,UA-0A597B97,Karina Rossini,2,Martin Picasso,CASMU,AM/MT,elianakarinarossini@gmail.com,,Confirmado,8/17/2026 13:01:21,https://ua-eventos-uy.web.app/coyote-vs-acme?i=UA-0A597B97
54,UA-AFE5BD48,Gimena Rodriguez,4,Franco Azambuya | Mahia Azambuya | Ernesto Azambuya,Tu Viaje,Ana Laura Britos,,,Confirmado,8/19/2026 14:00:48,https://ua-eventos-uy.web.app/coyote-vs-acme?i=UA-AFE5BD48
55,UA-6DD558DE,Fabrizio Maglione,3,Lorenzo Maglione y Acompañante,JP Santos,Ana Laura Britos,fmaglione@jpsantos.com.uy,,Confirmado,8/19/2026 17:16:28,https://ua-eventos-uy.web.app/coyote-vs-acme?i=UA-6DD558DE
56,UA-49D8E751,Lucia Amestoy,4,Juan Pablo Morales | Karina | Diego,Amestoy Viajes,Ana Laura Britos,lucia.amestoy@amestoyuruguay.com,,Confirmado,8/20/2026 10:10:20,https://ua-eventos-uy.web.app/coyote-vs-acme?i=UA-49D8E751
57,UA-9E439B34,Jorge Martínez,2,Guillermo,Jorge Martínez,Ana Laura Britos,,,Confirmado,8/19/2026 23:23:33,https://ua-eventos-uy.web.app/coyote-vs-acme?i=UA-9E439B34
58,UA-7D8E219B,Maximiliano Abreo,4,3 Acompañantes,Buemes,Ana Laura Britos,,,Confirmado,8/20/2026 15:21:44,https://ua-eventos-uy.web.app/coyote-vs-acme?i=UA-7D8E219B
59,UA-C40101A1,Mariano Mosca,4,Verónica Preverell | Luana Mosca | Santino Mosca,Canal 4,Ana Camiou,mmosca@canal4.com.uy,,Confirmado,Pre-asignado,https://ua-eventos-uy.web.app/coyote-vs-acme?i=UA-C40101A1
60,UA-C40202B2,W. Helou,2,Acompañante,Canal 4,Ana Camiou,whelou@canal4.com.uy,,Confirmado,Pre-asignado,https://ua-eventos-uy.web.app/coyote-vs-acme?i=UA-C40202B2
61,UA-C40303C3,B. Perdomo,2,Acompañante,Canal 4,Ana Camiou,bperdomo@canal4.com.uy,,Confirmado,Pre-asignado,https://ua-eventos-uy.web.app/coyote-vs-acme?i=UA-C40303C3
62,UA-C40404D4,J. Olivera,5,Inés Calabuig | Santino Olivera | Micaela Olivera | Bautista Olivera,Canal 4,Ana Camiou,jolivera@canal4.com.uy,,Confirmado,Pre-asignado,https://ua-eventos-uy.web.app/coyote-vs-acme?i=UA-C40404D4
63,UA-6A820E9B,Gustavo Amoroso,3,Máximo Billar | Raphaella Billar,AMOROSO VIAJES,Ana Laura Britos,,,Confirmado,8/20/2026 17:33:45,https://ua-eventos-uy.web.app/coyote-vs-acme?i=UA-6A820E9B
64,UA-3771D38F,Belén Arbiza,2,Victoria Martinez,DCOM Travel,Ana Laura Britos,cobranzas@dcom.uy,,Confirmado,8/19/2026 17:41:06,https://ua-eventos-uy.web.app/coyote-vs-acme?i=UA-3771D38F
65,UA-85A412B2,Emiliano Arevalo,2,Estefania Alonso,Guamatur,Ana Laura Britos,,,Confirmado,8/19/2026 19:08:34,https://ua-eventos-uy.web.app/coyote-vs-acme?i=UA-85A412B2
66,UA-FE5ED687,Myriam Cardozo,2,Emiliano Pons,EVANGELICO,AM/MT,servicioscomplementarios@hospitalevangelico.com,,Confirmado,Pre-asignado,https://ua-eventos-uy.web.app/coyote-vs-acme?i=UA-FE5ED687
67,UA-CF5493C0,Natalia Doglio (Pase 1 - Adulto + 2 Niños),2,Joaquina Pedro,ANDA,Ana Camiou,natalia.doglio@anda.com.uy,,Confirmado,Pre-asignado,https://ua-eventos-uy.web.app/coyote-vs-acme?i=UA-CF5493C0
68,UA-2D660500,Ana Toniotti,2,Hija de Ana Toniotti,Personal Travel,Ana Laura Britos,,,Confirmado,8/17/2026 19:01:14,https://ua-eventos-uy.web.app/coyote-vs-acme?i=UA-2D660500
69,UA-786E6F9F,Ana Gabriela Conti,2,Lorenzo Marino,COIT,AB,gconti@coitviajes.com.uy,097050206,Confirmado,8/26/2026 11:51:00,https://ua-eventos-uy.web.app/coyote-vs-acme?i=UA-786E6F9F
70,UA-95205518,Clara Bachino,2,Lucia Loriente,PWC,MT,clarabachino@gmail.com,098342320,Confirmado,8/20/2026 14:52:19,https://ua-eventos-uy.web.app/coyote-vs-acme?i=UA-95205518
71,UA-2D32F6A9,Laura Ronchetti,3,GUILLERMINA SCHIPILOV | SALVADOR SCHIPILOV,AGENCIA,Jorge Martínez,nanuronchetti@gmail.com,099286571,Confirmado,8/19/2026 18:01:14,https://ua-eventos-uy.web.app/coyote-vs-acme?i=UA-2D32F6A9
72,UA-C5944342,valentin quiro saldaña,2,Martiniano,SALUD,SEGURO AMERICANO,facundoqsz@gmail.com,+59893665060,Confirmado,8/14/2026 16:30:23,https://ua-eventos-uy.web.app/coyote-vs-acme?i=UA-C5944342
73,UA-53700A22,Juan Pablo Guaglianoni,1,Sin acompañante,AGENCIA,LIBERTY,juanguaglianoni@gmail.com,099502158,Confirmado,8/26/2026 12:15:48,https://ua-eventos-uy.web.app/coyote-vs-acme?i=UA-53700A22
74,UA-8EE3F33C,Facundo Quiró Saldaña,2,Juampi,SALUD,SEGURO AMERICANO,facundoqsz@gmail.com,+59893665060,Confirmado,8/14/2026 16:35:12,https://ua-eventos-uy.web.app/coyote-vs-acme?i=UA-8EE3F33C
75,UA-8350D348,Victoria Diano,1,Sin acompañante,AGENCIA,CONOSUR,virodial72000@gmail.com,91506753,Confirmado,8/12/2026 13:34:03,https://ua-eventos-uy.web.app/coyote-vs-acme?i=UA-8350D348
76,UA-6EFB79C7,Santiago Deluca,1,Sin acompañante,AGENCIA,LIBERTY,deluccasantiago@gmail.com,+59895308042,Confirmado,8/11/2026 11:43:57,https://ua-eventos-uy.web.app/coyote-vs-acme?i=UA-6EFB79C7
77,UA-96126457,Virginia Willebald,2,Santiago Varela,AGENCIA,BATISTA,virginia@rumbosturismo.com,098777183,Confirmado,8/17/2026 13:15:25,https://ua-eventos-uy.web.app/coyote-vs-acme?i=UA-96126457
78,UA-96126458,Pamela Zabala,1,Sin acompañante,OFICINA,UA,pamela.zabala@universal-assistance.com,+5454114067384,Confirmado,8/15/2026 22:24:14,https://ua-eventos-uy.web.app/coyote-vs-acme?i=UA-96126458
79,UA-96126459,Fiorella Ancheta,2,Valentina Martiarena,MANUAL,UA,fiorella.ancheta@cosem.com.uy,91098793,Confirmado,8/11/2026 16:16:53,https://ua-eventos-uy.web.app/coyote-vs-acme?i=UA-96126459
80,UA-96126460,Florencia Cánepa,1,Sin acompañante,MANUAL,UA,flordesign.uy@gmail.com,,Confirmado,8/18/2026 21:45:56,https://ua-eventos-uy.web.app/coyote-vs-acme?i=UA-96126460
81,UA-724E3E54,Erika Martin,3,Thiago Montossi | Emiliano Montossi,BANCO,ITAU,Ekikam@hotmail.com,94292967,Confirmado,8/12/2026 12:50:36,https://ua-eventos-uy.web.app/coyote-vs-acme?i=UA-724E3E54
82,UA-F81908EB-J,Jorgelina arrigoni,2,Bruna Guarnerio,AGENCIA,CONOSUR,jorgelina@mercurioviajes.com.uy,9902 6442,Confirmado,8/12/2026 14:14:51,https://ua-eventos-uy.web.app/coyote-vs-acme?i=UA-F81908EB-J
83,UA-96126470,Federico Alonso,3,Andres Alonso | German Braida,Active Travel,OCA,federico.alonso@activetravel.com.uy,,Confirmado,8/14/2026 16:30:29,https://ua-eventos-uy.web.app/coyote-vs-acme?i=UA-96126470
84,UA-96126473,Javier Mossi,2,Bastian >Roldan,MANUAL,SUNLIVE,jmossi@sunlive.com.uy,+59895951154,Confirmado,8/14/2026 12:05:02,https://ua-eventos-uy.web.app/coyote-vs-acme?i=UA-96126473
85,UA-96126489,Aldo Nipoli,1,Sin acompañante,AGENCIA,Jorge Martínez,anipoli@jorgemartinez.com.uy,099116461,Confirmado,8/18/2026 20:58:27,https://ua-eventos-uy.web.app/coyote-vs-acme?i=UA-96126489
86,UA-96126492,PABLO SCHIPILOV,2,ELIAS FARAH,AGENCIA,Jorge Martínez,lronchetti@jorgemartinez.com.uy,099286571,Confirmado,8/19/2026 17:54:47,https://ua-eventos-uy.web.app/coyote-vs-acme?i=UA-96126492
87,UA-12B86D7F,Maca Perez,2,Emma Azcurra,AGENCIA,DCOM,macarena.perez@dcomtravel.com,96017964,Confirmado,8/14/2026 12:27:20,https://ua-eventos-uy.web.app/coyote-vs-acme?i=UA-12B86D7F
88,UA-96126517,Maria Camiou,2,Manuel Selves,Buemes,Ana Camiou,mcamiou@buemes.com.uy,094995739,Confirmado,8/24/2026 11:57:10,https://ua-eventos-uy.web.app/coyote-vs-acme?i=UA-96126517
89,UA-96126522,Cecilia Pinto,2,Micaela Gavioli,MANUAL,UA,cecilia@pintoviajar.com,099497698,Confirmado,8/15/2026 20:11:38,https://ua-eventos-uy.web.app/coyote-vs-acme?i=UA-96126522
90,UA-09052CDD,Valeria Herrera,2,Daniel Laso Herrera,ASOC ESPAÑOLA,UA,,,Confirmado,8/18/2026 15:26:51,https://ua-eventos-uy.web.app/coyote-vs-acme?i=UA-09052CDD
91,UA-96126531,MARIANELA IBIÑETE,4,Juan F. Richelli | Joaquín Richelli | Josefina Richelli,AGENCIA,COIT,jleone@coit.com.uy,099580789,Confirmado,8/26/2026 12:56:00,https://ua-eventos-uy.web.app/coyote-vs-acme?i=UA-96126531
92,UA-98620424,Florencia Quinteros,2,Josefina Rodriguez,AGENCIA,Jorge Martínez,fquinteros@jorgemartinez.com.uy,098861359,Confirmado,8/18/2026 23:59:40,https://ua-eventos-uy.web.app/coyote-vs-acme?i=UA-98620424
93,UA-98620437,Renata Almeida Suárez,2,Angela Olveira,AGENCIA,Liberty Uruguay,renaalmeida2810@gmail.com,091064409,Confirmado,8/23/2026 11:43:13,https://ua-eventos-uy.web.app/coyote-vs-acme?i=UA-98620437
94,UA-98620454,Gerardo Rodriguez,2,JOAQUIN RODRIGUEZ,AGENCIA,Jorge Martínez,grodriguez@jorgemartinez.com.uy,093639397,Confirmado,8/17/2026 11:18:17,https://ua-eventos-uy.web.app/coyote-vs-acme?i=UA-98620454
95,UA-98620458,IGNACIO CURTI,2,MARGARITA CURTI,AGENCIA,DCOM Travel,ignacio.curti@dcomtravel.com,+59898584025,Confirmado,8/19/2026 14:36:12,https://ua-eventos-uy.web.app/coyote-vs-acme?i=UA-98620458
96,UA-98620475,Monica Reyes,1,Sin acompañante,AGENCIA,Jorge Martínez,mreyes@jorgemartinez.com.uy,,Confirmado,8/18/2026 20:59:20,https://ua-eventos-uy.web.app/coyote-vs-acme?i=UA-98620475
97,UA-98620492,Marcos Miraglia,2,Blas Miraglia,AGENCIA,Traveloz / Destinico,carolinathomas@destinico.com,097906329,Confirmado,8/17/2026 14:31:29,https://ua-eventos-uy.web.app/coyote-vs-acme?i=UA-98620492
98,UA-98620493,Florencia Costanzo,2,Nicolas Martinez,AGENCIA,Traveloz / Destinico,flopicostan@gmail.com,098328915,Confirmado,8/17/2026 14:10:27,https://ua-eventos-uy.web.app/coyote-vs-acme?i=UA-98620493
99,UA-98620494,Luciana Coitiño,2,Anthony Blanco,AGENCIA,Traveloz / Destinico,coitinoluciana@gmail.com,093909546,Confirmado,8/19/2026 21:13:59,https://ua-eventos-uy.web.app/coyote-vs-acme?i=UA-98620494
100,UA-98620495,Vale Olivera,2,Franco Silva,AGENCIA,Traveloz / Destinico,valentinaolivera@destinico.com,093507766,Confirmado,8/20/2026 16:26:20,https://ua-eventos-uy.web.app/coyote-vs-acme?i=UA-98620495
101,UA-98620496,Camila Walch,2,Danilo rodriguez,AGENCIA,Traveloz / Destinico,camilawalch@destinico.com,098987536,Confirmado,8/20/2026 16:30:48,https://ua-eventos-uy.web.app/coyote-vs-acme?i=UA-98620496
102,UA-98620498,Anaclara Arrieta,2,Pablo Trentini,AGENCIA,Traveloz / Destinico,anaclararrieta1@gmail.com,091785674,Confirmado,8/17/2026 14:10:46,https://ua-eventos-uy.web.app/coyote-vs-acme?i=UA-98620498
103,UA-98620499,Victoria de Souza,2,Maia de Souza,AGENCIA,Traveloz / Destinico,victoriadesouzanu@gmail.com,091941439,Confirmado,8/17/2026 14:13:02,https://ua-eventos-uy.web.app/coyote-vs-acme?i=UA-98620499
104,UA-98620501,Guadalupe Placeres,2,Jose algorta,AGENCIA,Traveloz / Destinico,guadaplaceres4@gmail.com,099808117,Confirmado,8/17/2026 14:12:30,https://ua-eventos-uy.web.app/coyote-vs-acme?i=UA-98620501
105,UA-98620503,Belen gallo,2,Belen sosa,AGENCIA,Traveloz / Destinico,belengallo@destinico.com,096220341,Confirmado,8/17/2026 14:16:30,https://ua-eventos-uy.web.app/coyote-vs-acme?i=UA-98620503
106,UA-98620504,Carla Varela,2,Juan Aron,AGENCIA,Traveloz / Destinico,car.varela@hotmail.com,098239995,Confirmado,8/17/2026 14:22:15,https://ua-eventos-uy.web.app/coyote-vs-acme?i=UA-98620504
107,UA-98620505,Amparo Schelotto,2,Lila Pesenti,AGENCIA,Traveloz / Destinico,amparo.schelotto@traveloz.com.uy,091230225,Confirmado,8/17/2026 16:38:02,https://ua-eventos-uy.web.app/coyote-vs-acme?i=UA-98620505
108,UA-98620510,Ayelen Alvarez acland,2,ianco rodríguez,AGENCIA,Traveloz / Destinico,ayelenaa18@gmail.com,099984831,Confirmado,8/20/2026 16:30:20,https://ua-eventos-uy.web.app/coyote-vs-acme?i=UA-98620510
109,UA-98620530,Pilar Méndez,1,Sin acompañante,AGENCIA,UA,,093588680,Confirmado,8/23/2026 23:51:38,https://ua-eventos-uy.web.app/coyote-vs-acme?i=UA-98620530
110,UA-98620531,María José Méndez,1,Sin acompañante,AGENCIA,AGENCIA,mariajmendez.91@gmail.com,094888991,Confirmado,8/21/2026 12:58:38,https://ua-eventos-uy.web.app/coyote-vs-acme?i=UA-98620531
111,UA-98620532,Fernando Otazu,3,Benjamin Otasu | Aldana Otasu,AGENCIA,AGENCIA,albe0629@gmail.com,094233355,Confirmado,8/17/2026 16:15:25,https://ua-eventos-uy.web.app/coyote-vs-acme?i=UA-98620532
112,UA-98620533,Rosina Fábregas,2,Acompañante,AGENCIA,UA,,095784590,Confirmado,Pre-asignado,https://ua-eventos-uy.web.app/coyote-vs-acme?i=UA-98620533
113,UA-98620534,Joaquin Alfonso,2,Soledad Narvaez,ALIANZAS ESTRATEGICAS,Aldeas Infantiles,alfonso.souto@aldeasinfantiles.org.uy,093969205,Confirmado,8/17/2026 16:16:39,https://ua-eventos-uy.web.app/coyote-vs-acme?i=UA-98620534
114,UA-98620529,Paulina Mendez,2,Gabriel Martinez,MANUAL,UA,paulinamariamendez@gmail.com,095784752,Confirmado,8/17/2026 16:20:34,https://ua-eventos-uy.web.app/coyote-vs-acme?i=UA-98620529
115,UA-98620540,Jorge Costa Tu viaje,1,Sin acompañante,AGENCIA,Tu Viaje,jorgecosta@tuviaje.uy,+59899690177,Confirmado,8/17/2026 16:36:21,https://ua-eventos-uy.web.app/coyote-vs-acme?i=UA-98620540
116,UA-98620596,Yomira Aguiar,2,Acompañante de Yomira Aguiar,Batista Viajes,Ana Laura Britos,,,Confirmado,Pre-asignado,https://ua-eventos-uy.web.app/coyote-vs-acme?i=UA-98620596
117,UA-98620602,NANCY TORRES,2,VIRGINIA DIAZ,MANUAL,UA,ntorres@summum.com.uy,099331893,Confirmado,8/19/2026 11:01:07,https://ua-eventos-uy.web.app/coyote-vs-acme?i=UA-98620602
118,UA-98620603,vittoria gugliotta,2,Felipe Olivera,MANUAL,UA,vgugliotta@summum.com.uy,+59895085545,Confirmado,8/19/2026 10:19:26,https://ua-eventos-uy.web.app/coyote-vs-acme?i=UA-98620603
119,UA-98620604,Gabriel Piastra,3,Fabrizio Piastra | Natalia Prado,AGENCIA,Jorge Martínez,gpiastra@hotmail.com,099324179,Confirmado,8/18/2026 16:54:08,https://ua-eventos-uy.web.app/coyote-vs-acme?i=UA-98620604
120,UA-98620605,Angel Brazionis,3,Leticia Lemaire | Emilia Brazionis,AGENCIA,Jorge Martínez,abrazionis@jorgemartinez.com.uy,092451775,Confirmado,8/18/2026 16:55:37,https://ua-eventos-uy.web.app/coyote-vs-acme?i=UA-98620605
121,UA-98620606,Victoria Cardoso,2,TOMAS RODRIGUEZ,AGENCIA,Jorge Martínez,vcardoso@jorgemartinez.com.uy,099447524,Confirmado,8/18/2026 16:52:50,https://ua-eventos-uy.web.app/coyote-vs-acme?i=UA-98620606
122,UA-98620607,FERNANDO NADER,3,LORENZO NADER | JULIETA NADER,AGENCIA,Jorge Martínez,FNADER@JORGEMARTINEZ.COM.UY,099281363,Confirmado,8/21/2026 13:04:08,https://ua-eventos-uy.web.app/coyote-vs-acme?i=UA-98620607
123,UA-98620608,Carina Cobas,2,Sabrina Cean Cobas,AGENCIA,Jorge Martínez,,,Confirmado,8/21/2026 11:08:31,https://ua-eventos-uy.web.app/coyote-vs-acme?i=UA-98620608
124,UA-98620609,Lorena Sanchez,2,Maia Mieres y Diego bonjour,AGENCIA,Jorge Martínez,lsanchez@jorgemartinez.com.uy,,Confirmado,8/26/2026 12:57:06,https://ua-eventos-uy.web.app/coyote-vs-acme?i=UA-98620609
125,UA-98620611,Rodolfo Capote,1,Sin acompañante,AGENCIA,Jorge Martínez,rcapote22@gmail.com,,Confirmado,8/18/2026 20:57:07,https://ua-eventos-uy.web.app/coyote-vs-acme?i=UA-98620611
126,UA-98620613,Elizabeth Méndez,2,Bruno Grubits,Universal Assistance,UA,elizabeth.mendez@cresteo.com,099227631,Confirmado,8/19/2026 16:16:44,https://ua-eventos-uy.web.app/coyote-vs-acme?i=UA-98620613
127,UA-5E3A75FC,Verónica Sequeiros,2,Federico Márquez Sequeiros,Universal Assistance,UA,veroseque@gmail.com,094503688,Confirmado,8/20/2026 10:13:27,https://ua-eventos-uy.web.app/coyote-vs-acme?i=UA-5E3A75FC
128,UA-3CB0003E,Juan Pablo Escobar,2,Nicolas Escobar,Universal Assistance,UA,constanza.rubil@anda.com.uy,094437103,Confirmado,8/20/2026 15:17:11,https://ua-eventos-uy.web.app/coyote-vs-acme?i=UA-3CB0003E
129,UA-4AF01B2F,Natalia de los Santos,2,Rocio Balcedo,Universal Assistance,UA,natalia.delossantos@anda.com.uy,,Confirmado,8/20/2026 15:28:38,https://ua-eventos-uy.web.app/coyote-vs-acme?i=UA-4AF01B2F
130,UA-98620616,Bárbara Mayoral,2,Javier D´Elia,INVITADO ESPECIAL,UA,,,Confirmado,Pre-asignado,https://ua-eventos-uy.web.app/coyote-vs-acme?i=UA-98620616
131,UA-98620617,Diego Massia,3,Emilia Massia | Federico Massia,LIBERTY,AB,diego.massia@libertyuruguay.com.uy,094237537,Confirmado,8/21/2026 11:20:06,https://ua-eventos-uy.web.app/coyote-vs-acme?i=UA-98620617
132,UA-98620500,Federico Hornes,2,Maria Belen Dominguez,Universal Assistance,UA,fedehornes95@gmail.com,091346277,Confirmado,8/26/2026 17:29:16,https://ua-eventos-uy.web.app/coyote-vs-acme?i=UA-98620500
133,UA-98620619,María José Piuma,3,Josefina Barceló | Micaela Radiccioni,ANDA,Ana Camiou,,,Confirmado,Pre-asignado,https://ua-eventos-uy.web.app/coyote-vs-acme?i=UA-98620619
134,UA-98620620,Rafael Monzón,3,Renzo Monzón | Lautaro Monzón,ANDA,Ana Camiou,,,Confirmado,Pre-asignado,https://ua-eventos-uy.web.app/coyote-vs-acme?i=UA-98620620
135,UA-12A905D7,Romina Baraybar,2,Acompañante,SALUD,COSEM,,,Confirmado,Pre-asignado,https://ua-eventos-uy.web.app/coyote-vs-acme?i=UA-12A905D7
136,UA-159954F6,Natalia Gonzalez,2,Bruno Pereyra,SALUD,COSEM,natalia.gurtet@gmail.com,099884625,Confirmado,8/24/2026 12:39:35,https://ua-eventos-uy.web.app/coyote-vs-acme?i=UA-159954F6
137,UA-584B7E74,Rosana Bagnado,2,Acompañante,SALUD,COSEM,,,Confirmado,Pre-asignado,https://ua-eventos-uy.web.app/coyote-vs-acme?i=UA-584B7E74
138,UA-57B46107,Soledad Baquet,2,Martín Baquet,ASOC ESPAÑOLA,Angela Hoffmann,,,Confirmado,Pre-asignado,https://ua-eventos-uy.web.app/coyote-vs-acme?i=UA-57B46107
139,UA-529B6D22,Ibrahim Al Mohammad,2,Sanaa al,SALUD,ASOC ESPAÑOLA,ibramohamad87@gmail.com,92444234,Confirmado,Pre-asignado,https://ua-eventos-uy.web.app/coyote-vs-acme?i=UA-529B6D22