st_text,ts,sub,frm,email,tag,mid,link
Abierto,11-08-2026 20:29:36,Confirmación de Asistencia - Coyote vs. Acme | Universal Assistance (UA-96126461),lucasb@ua.com.uy,lucasbeathyate@gmail.com,NA,<202608112323.56222285960@smtp-relay.mailin.fr>,NA
Abierto,11-08-2026 20:26:30,Confirmación de Asistencia - Coyote vs. Acme | Universal Assistance (UA-96126448),lucasb@ua.com.uy,lucasbeathyate@gmail.com,NA,<202608112323.45570549785@smtp-relay.mailin.fr>,NA
Clicado,11-08-2026 20:25:55,Confirmación de Asistencia - Coyote vs. Acme | Universal Assistance (UA-96126461),lucasb@ua.com.uy,lucasbeathyate@gmail.com,NA,<202608112323.56222285960@smtp-relay.mailin.fr>,https://ua-eventos-uy.web.app/coyote-vs-acme?i=UA-96126461
Clicado,11-08-2026 20:25:48,Confirmación de Asistencia - Coyote vs. Acme | Universal Assistance (UA-96126461),lucasb@ua.com.uy,lucasbeathyate@gmail.com,NA,<202608112323.56222285960@smtp-relay.mailin.fr>,https://ua-eventos-uy.web.app/coyote-vs-acme?i=UA-96126461
Abierto,11-08-2026 20:25:45,Confirmación de Asistencia - Coyote vs. Acme | Universal Assistance (UA-96126461),lucasb@ua.com.uy,lucasbeathyate@gmail.com,NA,<202608112323.56222285960@smtp-relay.mailin.fr>,NA
Clicado,11-08-2026 20:24:13,Confirmación de Asistencia - Coyote vs. Acme | Universal Assistance (UA-96126448),lucasb@ua.com.uy,lucasbeathyate@gmail.com,NA,<202608112323.45570549785@smtp-relay.mailin.fr>,https://ua-eventos-uy.web.app/coyote-vs-acme?i=UA-96126448
Clicado,11-08-2026 20:24:07,Confirmación de Asistencia - Coyote vs. Acme | Universal Assistance (UA-96126448),lucasb@ua.com.uy,lucasbeathyate@gmail.com,NA,<202608112323.45570549785@smtp-relay.mailin.fr>,https://ua-eventos-uy.web.app/coyote-vs-acme?i=UA-96126448
Clicado,11-08-2026 20:24:04,Confirmación de Asistencia - Coyote vs. Acme | Universal Assistance (UA-96126461),lucasb@ua.com.uy,lucasbeathyate@gmail.com,NA,<202608112323.56222285960@smtp-relay.mailin.fr>,https://ua-eventos-uy.web.app/coyote-vs-acme?i=UA-96126461
Primera apertura,11-08-2026 20:23:57,Confirmación de Asistencia - Coyote vs. Acme | Universal Assistance (UA-96126448),lucasb@ua.com.uy,lucasbeathyate@gmail.com,NA,<202608112323.45570549785@smtp-relay.mailin.fr>,NA
Clicado,11-08-2026 20:23:55,Confirmación de Asistencia - Coyote vs. Acme | Universal Assistance (UA-96126461),lucasb@ua.com.uy,lucasbeathyate@gmail.com,NA,<202608112323.56222285960@smtp-relay.mailin.fr>,https://ua-eventos-uy.web.app/coyote-vs-acme?i=UA-96126461
Entregado,11-08-2026 20:23:53,Confirmación de Asistencia - Coyote vs. Acme | Universal Assistance (UA-96126448),lucasb@ua.com.uy,lucasbeathyate@gmail.com,NA,<202608112323.45570549785@smtp-relay.mailin.fr>,NA
Enviado,11-08-2026 20:23:52,Confirmación de Asistencia - Coyote vs. Acme | Universal Assistance (UA-96126448),lucasb@ua.com.uy,lucasbeathyate@gmail.com,NA,<202608112323.45570549785@smtp-relay.mailin.fr>,NA
Primera apertura,11-08-2026 20:23:46,Confirmación de Asistencia - Coyote vs. Acme | Universal Assistance (UA-96126461),lucasb@ua.com.uy,lucasbeathyate@gmail.com,NA,<202608112323.56222285960@smtp-relay.mailin.fr>,NA
Entregado,11-08-2026 20:23:41,Confirmación de Asistencia - Coyote vs. Acme | Universal Assistance (UA-96126461),lucasb@ua.com.uy,lucasbeathyate@gmail.com,NA,<202608112323.56222285960@smtp-relay.mailin.fr>,NA
Enviado,11-08-2026 20:23:39,Confirmación de Asistencia - Coyote vs. Acme | Universal Assistance (UA-96126461),lucasb@ua.com.uy,lucasbeathyate@gmail.com,NA,<202608112323.56222285960@smtp-relay.mailin.fr>,NA
Clicado,11-08-2026 20:23:02,"lucas, tenés una invitación especial · Universal Assistance",lucasb@ua.com.uy,lucasbeathyate@gmail.com,NA,<202608111848.81274604228@smtp-relay.mailin.fr>,https://ua-eventos-uy.web.app/coyote-vs-acme?i=UA-96126461
Clicado,11-08-2026 20:22:52,"lucas, tenés una invitación especial · Universal Assistance",lucasb@ua.com.uy,lucasbeathyate@gmail.com,NA,<202608111848.81274604228@smtp-relay.mailin.fr>,https://ua-eventos-uy.web.app/coyote-vs-acme?i=UA-96126461
Abierto,11-08-2026 20:22:49,"lucas, tenés una invitación especial · Universal Assistance",lucasb@ua.com.uy,lucasbeathyate@gmail.com,NA,<202608111848.81274604228@smtp-relay.mailin.fr>,NA
Entregado,11-08-2026 20:16:17,Confirmación de Asistencia - Coyote vs. Acme | Universal Assistance (UA-C6704E59),lucasb@ua.com.uy,paulaa@ua.com.uy,NA,<202608112316.56700325292@smtp-relay.mailin.fr>,NA
Entregado,11-08-2026 20:16:14,Confirmación de Asistencia - Coyote vs. Acme | Universal Assistance (UA-6C4127A7),lucasb@ua.com.uy,vpica@itau.com.uy,NA,<202608112316.43203297485@smtp-relay.mailin.fr>,NA
Enviado,11-08-2026 20:16:12,Confirmación de Asistencia - Coyote vs. Acme | Universal Assistance (UA-C6704E59),lucasb@ua.com.uy,paulaa@ua.com.uy,NA,<202608112316.56700325292@smtp-relay.mailin.fr>,NA
Enviado,11-08-2026 20:16:09,Confirmación de Asistencia - Coyote vs. Acme | Universal Assistance (UA-6C4127A7),lucasb@ua.com.uy,vpica@itau.com.uy,NA,<202608112316.43203297485@smtp-relay.mailin.fr>,NA
Entregado,11-08-2026 20:15:31,Confirmación de Asistencia - Coyote vs. Acme | Universal Assistance (UA-004),lucasb@ua.com.uy,mtomasi@ua.com.uy,NA,<202608112315.90737095346@smtp-relay.mailin.fr>,NA
Enviado,11-08-2026 20:15:26,Confirmación de Asistencia - Coyote vs. Acme | Universal Assistance (UA-004),lucasb@ua.com.uy,mtomasi@ua.com.uy,NA,<202608112315.90737095346@smtp-relay.mailin.fr>,NA
Entregado,11-08-2026 20:14:00,Confirmación de Asistencia - Coyote vs. Acme | Universal Assistance (UA-DB0FE634),lucasb@ua.com.uy,smartinez@ua.com.uy,NA,<202608112313.85698526678@smtp-relay.mailin.fr>,NA
Enviado,11-08-2026 20:13:54,Confirmación de Asistencia - Coyote vs. Acme | Universal Assistance (UA-DB0FE634),lucasb@ua.com.uy,smartinez@ua.com.uy,NA,<202608112313.85698526678@smtp-relay.mailin.fr>,NA
Abierto,11-08-2026 20:03:12,Aclaración importante sobre tu invitación · Universal Assistance,lucasb@ua.com.uy,lucasbeathyate@gmail.com,NA,<202608112258.76374787210@smtp-relay.mailin.fr>,NA
Entregado,11-08-2026 20:02:45,Aclaración importante sobre tu invitación · Universal Assistance,lucasb@ua.com.uy,servicioscomplementarios@hospitalevangelico.com,NA,<202608112301.29515992241@smtp-relay.mailin.fr>,NA
Enviado,11-08-2026 20:01:55,Aclaración importante sobre tu invitación · Universal Assistance,lucasb@ua.com.uy,servicioscomplementarios@hospitalevangelico.com,NA,<202608112301.29515992241@smtp-relay.mailin.fr>,NA
Entregado,11-08-2026 20:01:25,Aclaración importante sobre tu invitación · Universal Assistance,lucasb@ua.com.uy,laura.caprio@semm.com.uy,NA,<202608112301.16343288264@smtp-relay.mailin.fr>,NA
Enviado,11-08-2026 20:01:21,Aclaración importante sobre tu invitación · Universal Assistance,lucasb@ua.com.uy,laura.caprio@semm.com.uy,NA,<202608112301.16343288264@smtp-relay.mailin.fr>,NA
Entregado,11-08-2026 20:00:49,Aclaración importante sobre tu invitación · Universal Assistance,lucasb@ua.com.uy,elisa.costa@cosem.com.uy,NA,<202608112300.86179111030@smtp-relay.mailin.fr>,NA
Enviado,11-08-2026 20:00:47,Aclaración importante sobre tu invitación · Universal Assistance,lucasb@ua.com.uy,elisa.costa@cosem.com.uy,NA,<202608112300.86179111030@smtp-relay.mailin.fr>,NA
Entregado,11-08-2026 20:00:35,Aclaración importante sobre tu invitación · Universal Assistance,lucasb@ua.com.uy,ca72787@casmu.com,NA,<202608112300.67597801731@smtp-relay.mailin.fr>,NA
Enviado,11-08-2026 20:00:28,Aclaración importante sobre tu invitación · Universal Assistance,lucasb@ua.com.uy,ca72787@casmu.com,NA,<202608112300.67597801731@smtp-relay.mailin.fr>,NA
Entregado,11-08-2026 20:00:18,Aclaración importante sobre tu invitación · Universal Assistance,lucasb@ua.com.uy,paola.pradie@semm.com.uy,NA,<202608112300.39200793676@smtp-relay.mailin.fr>,NA
Enviado,11-08-2026 20:00:14,Aclaración importante sobre tu invitación · Universal Assistance,lucasb@ua.com.uy,paola.pradie@semm.com.uy,NA,<202608112300.39200793676@smtp-relay.mailin.fr>,NA
Entregado,11-08-2026 20:00:04,Aclaración importante sobre tu invitación · Universal Assistance,lucasb@ua.com.uy,ahoffmann@asesp.com.uy,NA,<202608112259.34429685240@smtp-relay.mailin.fr>,NA
Enviado,11-08-2026 20:00:00,Aclaración importante sobre tu invitación · Universal Assistance,lucasb@ua.com.uy,ahoffmann@asesp.com.uy,NA,<202608112259.34429685240@smtp-relay.mailin.fr>,NA
Primera apertura,11-08-2026 19:58:54,Aclaración importante sobre tu invitación · Universal Assistance,lucasb@ua.com.uy,lucasbeathyate@gmail.com,NA,<202608112258.76374787210@smtp-relay.mailin.fr>,NA
Entregado,11-08-2026 19:58:41,Aclaración importante sobre tu invitación · Universal Assistance,lucasb@ua.com.uy,lucasbeathyate@gmail.com,NA,<202608112258.76374787210@smtp-relay.mailin.fr>,NA
Enviado,11-08-2026 19:58:39,Aclaración importante sobre tu invitación · Universal Assistance,lucasb@ua.com.uy,lucasbeathyate@gmail.com,NA,<202608112258.76374787210@smtp-relay.mailin.fr>,NA
Entregado,11-08-2026 19:45:06,Aclaración importante sobre tu invitación · Universal Assistance,lucasb@ua.com.uy,elisa.costa@cosem.com.uy,NA,<202608112244.45895931116@smtp-relay.mailin.fr>,NA
Enviado,11-08-2026 19:44:58,Aclaración importante sobre tu invitación · Universal Assistance,lucasb@ua.com.uy,elisa.costa@cosem.com.uy,NA,<202608112244.45895931116@smtp-relay.mailin.fr>,NA
Primera apertura,11-08-2026 19:31:47,"lucas, tenés una invitación especial · Universal Assistance",lucasb@ua.com.uy,lucasb@ua.com.uy,NA,<202608112231.12159110887@smtp-relay.mailin.fr>,NA
Entregado,11-08-2026 19:31:34,"lucas, tenés una invitación especial · Universal Assistance",lucasb@ua.com.uy,lucasb@ua.com.uy,NA,<202608112231.12159110887@smtp-relay.mailin.fr>,NA
Enviado,11-08-2026 19:31:27,"lucas, tenés una invitación especial · Universal Assistance",lucasb@ua.com.uy,lucasb@ua.com.uy,NA,<202608112231.12159110887@smtp-relay.mailin.fr>,NA
Abierto,11-08-2026 18:58:04,"Fiorella, tenés una invitación especial · Universal Assistance",lucasb@ua.com.uy,fiorella.ancheta@cosem.com.uy,NA,<202608111848.30594442450@smtp-relay.mailin.fr>,NA
Cargado por proxy,11-08-2026 18:34:09,"Gonzalo, tenés una invitación especial · Universal Assistance",lucasb@ua.com.uy,gmoreira3@gmail.com,NA,<202608111847.81435802816@smtp-relay.mailin.fr>,NA
Abierto,11-08-2026 18:27:40,"lucas, tenés una invitación especial · Universal Assistance",lucasb@ua.com.uy,lucasbeathyate@gmail.com,NA,<202608111848.81274604228@smtp-relay.mailin.fr>,NA
Abierto,11-08-2026 17:23:48,"Fiorella, tenés una invitación especial · Universal Assistance",lucasb@ua.com.uy,fiorella.ancheta@cosem.com.uy,NA,<202608111848.30594442450@smtp-relay.mailin.fr>,NA
Clicado,11-08-2026 17:20:43,"Marianna, tenés una invitación especial · Universal Assistance",lucasb@ua.com.uy,mtomasi@ua.com.uy,NA,<202608111846.16586759450@smtp-relay.mailin.fr>,https://ua-eventos-uy.web.app/coyote-vs-acme?i=UA-004
Abierto,11-08-2026 17:20:35,"Marianna, tenés una invitación especial · Universal Assistance",lucasb@ua.com.uy,mtomasi@ua.com.uy,NA,<202608111846.16586759450@smtp-relay.mailin.fr>,NA
Primera apertura,11-08-2026 17:20:19,"Marianna, tenés una invitación especial · Universal Assistance",lucasb@ua.com.uy,mtomasi@ua.com.uy,NA,<202608111846.16586759450@smtp-relay.mailin.fr>,NA
Abierto,11-08-2026 17:07:59,"Fiorella, tenés una invitación especial · Universal Assistance",lucasb@ua.com.uy,fiorella.ancheta@cosem.com.uy,NA,<202608111848.30594442450@smtp-relay.mailin.fr>,NA
Abierto,11-08-2026 17:07:46,"Fiorella, tenés una invitación especial · Universal Assistance",lucasb@ua.com.uy,fiorella.ancheta@cosem.com.uy,NA,<202608111848.30594442450@smtp-relay.mailin.fr>,NA
Abierto,11-08-2026 17:07:16,"Fiorella, tenés una invitación especial · Universal Assistance",lucasb@ua.com.uy,fiorella.ancheta@cosem.com.uy,NA,<202608111848.30594442450@smtp-relay.mailin.fr>,NA
Abierto,11-08-2026 17:07:03,"Fiorella, tenés una invitación especial · Universal Assistance",lucasb@ua.com.uy,fiorella.ancheta@cosem.com.uy,NA,<202608111848.30594442450@smtp-relay.mailin.fr>,NA
Abierto,11-08-2026 17:06:52,"Fiorella, tenés una invitación especial · Universal Assistance",lucasb@ua.com.uy,fiorella.ancheta@cosem.com.uy,NA,<202608111848.30594442450@smtp-relay.mailin.fr>,NA
Cargado por proxy,11-08-2026 16:26:26,"Jp, tenés una invitación especial · Universal Assistance",lucasb@ua.com.uy,juanpablo@libertyuruguay.com.uy,NA,<202608111848.47650588279@smtp-relay.mailin.fr>,NA
Primera apertura,11-08-2026 16:02:51,"Santiago, tenés una invitación especial · Universal Assistance",lucasb@ua.com.uy,ca72712@casmu.com,NA,<202608111846.59242306952@smtp-relay.mailin.fr>,NA
Primera apertura,11-08-2026 16:01:14,"Marcelo, tenés una invitación especial · Universal Assistance",lucasb@ua.com.uy,marcelo.bergalo@libertyuruguay.com.uy,NA,<202608111848.10723762370@smtp-relay.mailin.fr>,NA
Primera apertura,11-08-2026 15:59:47,"Alejandro, tenés una invitación especial · Universal Assistance",lucasb@ua.com.uy,alejandro@rumbosturismo.com,NA,<202608111848.49011674947@smtp-relay.mailin.fr>,NA
Clicado,11-08-2026 15:58:37,"Virginia, tenés una invitación especial · Universal Assistance",lucasb@ua.com.uy,vpica@itau.com.uy,NA,<202608111847.30328153606@smtp-relay.mailin.fr>,https://ua-eventos-uy.web.app/coyote-vs-acme?i=UA-6C4127A7
Primera apertura,11-08-2026 15:56:54,"Lourdes, tenés una invitación especial · Universal Assistance",lucasb@ua.com.uy,ventas@zafiroviajes.uy,NA,<202608111848.99260904966@smtp-relay.mailin.fr>,NA
Primera apertura,11-08-2026 15:55:49,"Virginia, tenés una invitación especial · Universal Assistance",lucasb@ua.com.uy,vpica@itau.com.uy,NA,<202608111847.30328153606@smtp-relay.mailin.fr>,NA
Clicado,11-08-2026 15:55:44,"Virginia, tenés una invitación especial · Universal Assistance",lucasb@ua.com.uy,vpica@itau.com.uy,NA,<202608111847.30328153606@smtp-relay.mailin.fr>,https://ua-eventos-uy.web.app/coyote-vs-acme?i=UA-6C4127A7
Clicado,11-08-2026 15:53:36,"Susana, tenés una invitación especial · Universal Assistance",lucasb@ua.com.uy,spazos@delsurviajes.com.uy,NA,<202608111847.72803701617@smtp-relay.mailin.fr>,https://ua-eventos-uy.web.app/coyote-vs-acme?i=UA-CE0A1B71
Cargado por proxy,11-08-2026 15:52:55,"Juan, tenés una invitación especial · Universal Assistance",lucasb@ua.com.uy,juanandres@batistaviajes.com.uy,NA,<202608111848.89205203899@smtp-relay.mailin.fr>,NA
Primera apertura,11-08-2026 15:52:27,"Virginia, tenés una invitación especial · Universal Assistance",lucasb@ua.com.uy,virginia@rumbosturismo.com,NA,<202608111848.26918601212@smtp-relay.mailin.fr>,NA
Clicado,11-08-2026 15:50:49,"Fiorella, tenés una invitación especial · Universal Assistance",lucasb@ua.com.uy,fiorella.ancheta@cosem.com.uy,NA,<202608111848.30594442450@smtp-relay.mailin.fr>,https://ua-eventos-uy.web.app/coyote-vs-acme?i=UA-96126459
Primera apertura,11-08-2026 15:50:03,"Adriana, tenés una invitación especial · Universal Assistance",lucasb@ua.com.uy,adriana@rumbosturismo.com,NA,<202608111848.55652187625@smtp-relay.mailin.fr>,NA
Primera apertura,11-08-2026 15:49:23,"Fiorella, tenés una invitación especial · Universal Assistance",lucasb@ua.com.uy,fiorella.ancheta@cosem.com.uy,NA,<202608111848.30594442450@smtp-relay.mailin.fr>,NA
Entregado,11-08-2026 15:49:08,"Isabel, tenés una invitación especial · Universal Assistance",lucasb@ua.com.uy,isabel@batista.travel,NA,<202608111848.82149156729@smtp-relay.mailin.fr>,NA
Primera apertura,11-08-2026 15:49:05,"lucas, tenés una invitación especial · Universal Assistance",lucasb@ua.com.uy,lucasbeathyate@gmail.com,NA,<202608111848.81274604228@smtp-relay.mailin.fr>,NA
Primera apertura,11-08-2026 15:48:59,"Florencia, tenés una invitación especial · Universal Assistance",lucasb@ua.com.uy,flordesign.uy@gmail.com,NA,<202608111848.86409522593@smtp-relay.mailin.fr>,NA
Entregado,11-08-2026 15:48:58,"Lourdes, tenés una invitación especial · Universal Assistance",lucasb@ua.com.uy,ventas@zafiroviajes.uy,NA,<202608111848.99260904966@smtp-relay.mailin.fr>,NA
Entregado,11-08-2026 15:48:52,"Jp, tenés una invitación especial · Universal Assistance",lucasb@ua.com.uy,juanpablo@libertyuruguay.com.uy,NA,<202608111848.47650588279@smtp-relay.mailin.fr>,NA
Entregado,11-08-2026 15:48:49,"lucas, tenés una invitación especial · Universal Assistance",lucasb@ua.com.uy,lucasbeathyate@gmail.com,NA,<202608111848.81274604228@smtp-relay.mailin.fr>,NA
Enviado,11-08-2026 15:48:48,"lucas, tenés una invitación especial · Universal Assistance",lucasb@ua.com.uy,lucasbeathyate@gmail.com,NA,<202608111848.81274604228@smtp-relay.mailin.fr>,NA
Entregado,11-08-2026 15:48:47,"Marcelo, tenés una invitación especial · Universal Assistance",lucasb@ua.com.uy,marcelo.bergalo@libertyuruguay.com.uy,NA,<202608111848.10723762370@smtp-relay.mailin.fr>,NA
Entregado,11-08-2026 15:48:46,"Fiorella, tenés una invitación especial · Universal Assistance",lucasb@ua.com.uy,fiorella.ancheta@cosem.com.uy,NA,<202608111848.30594442450@smtp-relay.mailin.fr>,NA
Entregado,11-08-2026 15:48:45,"Florencia, tenés una invitación especial · Universal Assistance",lucasb@ua.com.uy,flordesign.uy@gmail.com,NA,<202608111848.86409522593@smtp-relay.mailin.fr>,NA
Enviado,11-08-2026 15:48:44,"Florencia, tenés una invitación especial · Universal Assistance",lucasb@ua.com.uy,flordesign.uy@gmail.com,NA,<202608111848.86409522593@smtp-relay.mailin.fr>,NA
Enviado,11-08-2026 15:48:39,"Fiorella, tenés una invitación especial · Universal Assistance",lucasb@ua.com.uy,fiorella.ancheta@cosem.com.uy,NA,<202608111848.30594442450@smtp-relay.mailin.fr>,NA
Entregado,11-08-2026 15:48:35,"Virginia, tenés una invitación especial · Universal Assistance",lucasb@ua.com.uy,virginia@rumbosturismo.com,NA,<202608111848.26918601212@smtp-relay.mailin.fr>,NA
Enviado,11-08-2026 15:48:34,"Virginia, tenés una invitación especial · Universal Assistance",lucasb@ua.com.uy,virginia@rumbosturismo.com,NA,<202608111848.26918601212@smtp-relay.mailin.fr>,NA
Entregado,11-08-2026 15:48:32,"Adriana, tenés una invitación especial · Universal Assistance",lucasb@ua.com.uy,adriana@rumbosturismo.com,NA,<202608111848.55652187625@smtp-relay.mailin.fr>,NA
Enviado,11-08-2026 15:48:31,"Adriana, tenés una invitación especial · Universal Assistance",lucasb@ua.com.uy,adriana@rumbosturismo.com,NA,<202608111848.55652187625@smtp-relay.mailin.fr>,NA
Entregado,11-08-2026 15:48:28,"Alejandro, tenés una invitación especial · Universal Assistance",lucasb@ua.com.uy,alejandro@rumbosturismo.com,NA,<202608111848.49011674947@smtp-relay.mailin.fr>,NA
Enviado,11-08-2026 15:48:27,"Alejandro, tenés una invitación especial · Universal Assistance",lucasb@ua.com.uy,alejandro@rumbosturismo.com,NA,<202608111848.49011674947@smtp-relay.mailin.fr>,NA
Enviado,11-08-2026 15:48:23,"Isabel, tenés una invitación especial · Universal Assistance",lucasb@ua.com.uy,isabel@batista.travel,NA,<202608111848.82149156729@smtp-relay.mailin.fr>,NA
Entregado,11-08-2026 15:48:21,"test, tenés una invitación especial · Universal Assistance",lucasb@ua.com.uy,test-p98wh7z52@srv1.mail-tester.com,NA,<202608111848.57697008874@smtp-relay.mailin.fr>,NA
Entregado,11-08-2026 15:48:20,"De, tenés una invitación especial · Universal Assistance",lucasb@ua.com.uy,contaduria@cycviajes.com.uy,NA,<202608111847.40542968466@smtp-relay.mailin.fr>,NA
Enviado,11-08-2026 15:48:19,"test, tenés una invitación especial · Universal Assistance",lucasb@ua.com.uy,test-p98wh7z52@srv1.mail-tester.com,NA,<202608111848.57697008874@smtp-relay.mailin.fr>,NA
Enviado,11-08-2026 15:48:15,"Lourdes, tenés una invitación especial · Universal Assistance",lucasb@ua.com.uy,ventas@zafiroviajes.uy,NA,<202608111848.99260904966@smtp-relay.mailin.fr>,NA
Entregado,11-08-2026 15:48:13,"Juan, tenés una invitación especial · Universal Assistance",lucasb@ua.com.uy,juanandres@batistaviajes.com.uy,NA,<202608111848.89205203899@smtp-relay.mailin.fr>,NA
Enviado,11-08-2026 15:48:10,"Jp, tenés una invitación especial · Universal Assistance",lucasb@ua.com.uy,juanpablo@libertyuruguay.com.uy,NA,<202608111848.47650588279@smtp-relay.mailin.fr>,NA
Entregado,11-08-2026 15:48:10,"Gabriela, tenés una invitación especial · Universal Assistance",lucasb@ua.com.uy,gconti@coit.com.uy,NA,<202608111847.79262063827@smtp-relay.mailin.fr>,NA
Entregado,11-08-2026 15:48:09,"Gabriela, tenés una invitación especial · Universal Assistance",lucasb@ua.com.uy,jleone@coit.com.uy,NA,<202608111847.79262063827@smtp-relay.mailin.fr>,NA
Enviado,11-08-2026 15:48:06,"Juan, tenés una invitación especial · Universal Assistance",lucasb@ua.com.uy,juanandres@batistaviajes.com.uy,NA,<202608111848.89205203899@smtp-relay.mailin.fr>,NA
Enviado,11-08-2026 15:48:02,"Marcelo, tenés una invitación especial · Universal Assistance",lucasb@ua.com.uy,marcelo.bergalo@libertyuruguay.com.uy,NA,<202608111848.10723762370@smtp-relay.mailin.fr>,NA
Hard bounce,11-08-2026 15:48:01,"Lourdes, tenés una invitación especial · Universal Assistance",lucasb@ua.com.uy,ventas@zafiro.com.uy,NA,<202608111847.74607087013@smtp-relay.mailin.fr>,NA
Enviado,11-08-2026 15:47:59,"Lourdes, tenés una invitación especial · Universal Assistance",lucasb@ua.com.uy,ventas@zafiro.com.uy,NA,<202608111847.74607087013@smtp-relay.mailin.fr>,NA
Entregado,11-08-2026 15:47:56,"Enzo, tenés una invitación especial · Universal Assistance",lucasb@ua.com.uy,tikinga@gmail.com,NA,<202608111847.26091349994@smtp-relay.mailin.fr>,NA
Enviado,11-08-2026 15:47:55,"Enzo, tenés una invitación especial · Universal Assistance",lucasb@ua.com.uy,tikinga@gmail.com,NA,<202608111847.26091349994@smtp-relay.mailin.fr>,NA
Entregado,11-08-2026 15:47:53,"Andrea, tenés una invitación especial · Universal Assistance",lucasb@ua.com.uy,amelegatti@delsurviajes.com.uy,NA,<202608111847.66313681120@smtp-relay.mailin.fr>,NA
Entregado,11-08-2026 15:47:53,"Margaret, tenés una invitación especial · Universal Assistance",lucasb@ua.com.uy,renovaciones.dlc@gmail.com,NA,<202608111847.28596455036@smtp-relay.mailin.fr>,NA
Enviado,11-08-2026 15:47:51,"Margaret, tenés una invitación especial · Universal Assistance",lucasb@ua.com.uy,renovaciones.dlc@gmail.com,NA,<202608111847.28596455036@smtp-relay.mailin.fr>,NA
Entregado,11-08-2026 15:47:51,"Susana, tenés una invitación especial · Universal Assistance",lucasb@ua.com.uy,spazos@delsurviajes.com.uy,NA,<202608111847.72803701617@smtp-relay.mailin.fr>,NA
Enviado,11-08-2026 15:47:48,"Andrea, tenés una invitación especial · Universal Assistance",lucasb@ua.com.uy,amelegatti@delsurviajes.com.uy,NA,<202608111847.66313681120@smtp-relay.mailin.fr>,NA
Entregado,11-08-2026 15:47:48,"Nacho, tenés una invitación especial · Universal Assistance",lucasb@ua.com.uy,ignacio@sinfronteras.com.uy,NA,<202608111847.30017765995@smtp-relay.mailin.fr>,NA
Enviado,11-08-2026 15:47:45,"Susana, tenés una invitación especial · Universal Assistance",lucasb@ua.com.uy,spazos@delsurviajes.com.uy,NA,<202608111847.72803701617@smtp-relay.mailin.fr>,NA
Enviado,11-08-2026 15:47:42,"Nacho, tenés una invitación especial · Universal Assistance",lucasb@ua.com.uy,ignacio@sinfronteras.com.uy,NA,<202608111847.30017765995@smtp-relay.mailin.fr>,NA
Primera apertura,11-08-2026 15:47:38,"Diego, tenés una invitación especial · Universal Assistance",lucasb@ua.com.uy,diego.correa@melitour.com.uy,NA,<202608111847.33206746398@smtp-relay.mailin.fr>,NA
Enviado,11-08-2026 15:47:36,"De, tenés una invitación especial · Universal Assistance",lucasb@ua.com.uy,contaduria@cycviajes.com.uy,NA,<202608111847.40542968466@smtp-relay.mailin.fr>,NA
Entregado,11-08-2026 15:47:34,"Gonzalo, tenés una invitación especial · Universal Assistance",lucasb@ua.com.uy,gmoreira3@gmail.com,NA,<202608111847.81435802816@smtp-relay.mailin.fr>,NA
Entregado,11-08-2026 15:47:33,"Diego, tenés una invitación especial · Universal Assistance",lucasb@ua.com.uy,diego.correa@melitour.com.uy,NA,<202608111847.33206746398@smtp-relay.mailin.fr>,NA
Enviado,11-08-2026 15:47:32,"Gonzalo, tenés una invitación especial · Universal Assistance",lucasb@ua.com.uy,gmoreira3@gmail.com,NA,<202608111847.81435802816@smtp-relay.mailin.fr>,NA
Enviado,11-08-2026 15:47:29,"Diego, tenés una invitación especial · Universal Assistance",lucasb@ua.com.uy,diego.correa@melitour.com.uy,NA,<202608111847.33206746398@smtp-relay.mailin.fr>,NA
Soft bounce,11-08-2026 15:47:28,"Alejandro, tenés una invitación especial · Universal Assistance",lucasb@ua.com.uy,alejandrom@ua.com.uy,NA,<202608111847.45212333117@smtp-relay.mailin.fr>,NA
Enviado,11-08-2026 15:47:25,"Alejandro, tenés una invitación especial · Universal Assistance",lucasb@ua.com.uy,alejandrom@ua.com.uy,NA,<202608111847.45212333117@smtp-relay.mailin.fr>,NA
Enviado,11-08-2026 15:47:23,"Gabriela, tenés una invitación especial · Universal Assistance",lucasb@ua.com.uy,gconti@coit.com.uy,NA,<202608111847.79262063827@smtp-relay.mailin.fr>,NA
Enviado,11-08-2026 15:47:21,"Gabriela, tenés una invitación especial · Universal Assistance",lucasb@ua.com.uy,jleone@coit.com.uy,NA,<202608111847.79262063827@smtp-relay.mailin.fr>,NA
Entregado,11-08-2026 15:47:19,"Pablo, tenés una invitación especial · Universal Assistance",lucasb@ua.com.uy,pablo.perez@itau.com.uy,NA,<202608111847.82286065775@smtp-relay.mailin.fr>,NA
Enviado,11-08-2026 15:47:17,"Pablo, tenés una invitación especial · Universal Assistance",lucasb@ua.com.uy,pablo.perez@itau.com.uy,NA,<202608111847.82286065775@smtp-relay.mailin.fr>,NA
Entregado,11-08-2026 15:47:14,"Paula, tenés una invitación especial · Universal Assistance",lucasb@ua.com.uy,mnunez@itau.com.uy,NA,<202608111847.20407346745@smtp-relay.mailin.fr>,NA
Enviado,11-08-2026 15:47:13,"Paula, tenés una invitación especial · Universal Assistance",lucasb@ua.com.uy,mnunez@itau.com.uy,NA,<202608111847.20407346745@smtp-relay.mailin.fr>,NA
Entregado,11-08-2026 15:47:12,"Santiago, tenés una invitación especial · Universal Assistance",lucasb@ua.com.uy,ca72712@casmu.com,NA,<202608111846.59242306952@smtp-relay.mailin.fr>,NA
Entregado,11-08-2026 15:47:11,"Virginia, tenés una invitación especial · Universal Assistance",lucasb@ua.com.uy,vpica@itau.com.uy,NA,<202608111847.30328153606@smtp-relay.mailin.fr>,NA
Entregado,11-08-2026 15:47:10,"Ines, tenés una invitación especial · Universal Assistance",lucasb@ua.com.uy,maria_ines.sturla@itau.com.uy,NA,<202608111847.84256479469@smtp-relay.mailin.fr>,NA
Enviado,11-08-2026 15:47:09,"Virginia, tenés una invitación especial · Universal Assistance",lucasb@ua.com.uy,vpica@itau.com.uy,NA,<202608111847.30328153606@smtp-relay.mailin.fr>,NA
Enviado,11-08-2026 15:47:05,"Ines, tenés una invitación especial · Universal Assistance",lucasb@ua.com.uy,maria_ines.sturla@itau.com.uy,NA,<202608111847.84256479469@smtp-relay.mailin.fr>,NA
Enviado,11-08-2026 15:47:01,"Santiago, tenés una invitación especial · Universal Assistance",lucasb@ua.com.uy,ca72712@casmu.com,NA,<202608111846.59242306952@smtp-relay.mailin.fr>,NA
Entregado,11-08-2026 15:46:57,"Gina, tenés una invitación especial · Universal Assistance",lucasb@ua.com.uy,egdebellis@asesp.com.uy,NA,<202608111846.62089453441@smtp-relay.mailin.fr>,NA
Entregado,11-08-2026 15:46:56,"Marianna, tenés una invitación especial · Universal Assistance",lucasb@ua.com.uy,mtomasi@ua.com.uy,NA,<202608111846.16586759450@smtp-relay.mailin.fr>,NA
Enviado,11-08-2026 15:46:53,"Gina, tenés una invitación especial · Universal Assistance",lucasb@ua.com.uy,egdebellis@asesp.com.uy,NA,<202608111846.62089453441@smtp-relay.mailin.fr>,NA
Enviado,11-08-2026 15:46:49,"Marianna, tenés una invitación especial · Universal Assistance",lucasb@ua.com.uy,mtomasi@ua.com.uy,NA,<202608111846.16586759450@smtp-relay.mailin.fr>,NA
