"#";"Código VIP";"Nombre";"Email";"Teléfono";"Empresa";"Cupos";"Estado Envío";"Link Invitación"
1;"UA-89C143DE";"Laura Caprio";"laura.caprio@semm.com.uy";"";"SEMM";"2";"Pendiente de envío";"https://ua-eventos-uy.web.app/coyote-vs-acme?i=UA-89C143DE"
2;"UA-7E50DE77";"Andres Rodriguez";"andres.rodriguez@semm.com.uy";"";"SEMM";"2";"Enviado (17/08 10:56 hs)";"https://ua-eventos-uy.web.app/coyote-vs-acme?i=UA-7E50DE77"
3;"UA-68E95A70";"Diego De Carlini";"diego.decarlini@semm.com.uy";"";"SEMM";"2";"Enviado (14/08 10:54 hs)";"https://ua-eventos-uy.web.app/coyote-vs-acme?i=UA-68E95A70"
4;"UA-8B9DA0F9";"Extra Vendedor";"laura.caprio@semm.com.uy";"";"SEMM";"2";"Pendiente de envío";"https://ua-eventos-uy.web.app/coyote-vs-acme?i=UA-8B9DA0F9"
5;"UA-7C23F8D0";"Paola Pradie";"paola.pradie@semm.com.uy";"";"SEMM CALL";"2";"Pendiente de envío";"https://ua-eventos-uy.web.app/coyote-vs-acme?i=UA-7C23F8D0"
6;"UA-ACDE54C5";"Juan Voelker";"juan.voelker@semm.com.uy";"";"SEMM";"2";"Enviado (17/08 11:01 hs)";"https://ua-eventos-uy.web.app/coyote-vs-acme?i=UA-ACDE54C5"
7;"UA-C17C6FED";"Extra Vendedor";"paola.pradie@semm.com.uy";"";"SEMM CALL";"2";"Pendiente de envío";"https://ua-eventos-uy.web.app/coyote-vs-acme?i=UA-C17C6FED"
8;"UA-95290571";"Extra Vendedor";"paola.pradie@semm.com.uy";"";"SEMM CALL";"2";"Pendiente de envío";"https://ua-eventos-uy.web.app/coyote-vs-acme?i=UA-95290571"
9;"UA-98C69A53";"Extra Vendedor";"paola.pradie@semm.com.uy";"";"SEMM CALL";"2";"Pendiente de envío";"https://ua-eventos-uy.web.app/coyote-vs-acme?i=UA-98C69A53"
10;"UA-2A9D2AE7";"Extra Vendedor";"paola.pradie@semm.com.uy";"";"SEMM CALL";"2";"Pendiente de envío";"https://ua-eventos-uy.web.app/coyote-vs-acme?i=UA-2A9D2AE7"